WinMargin,average,linreg,naive,extr,ranfor,xgb,nn,lstm,tpot
32.0,-7.8999999999999995,1,0,1,1,0,1,1,1
6.0,3.9,1,0,0,0,1,1,0,0
-6.0,-10.0,0,0,1,1,1,0,1,1
-16.0,-7.3999999999999995,1,1,0,0,0,0,0,1
10.0,-7.000000000000001,1,0,0,0,1,0,1,1
-2.9999999999999996,-1.0,1,1,0,0,0,0,0,0
5.0,4.2,0,0,0,1,0,1,0,1
18.0,0.6000000000000001,1,0,0,0,1,1,1,1
-3.9999999999999996,10.0,0,1,0,0,1,0,0,1
12.0,2.0,0,0,0,0,1,0,1,0
-2.9999999999999996,8.0,0,1,0,0,0,0,0,0
6.0,1.0,0,0,1,1,1,0,1,0
-8.0,2.1,1,1,0,0,1,1,0,1
-8.0,8.0,0,1,1,1,1,0,0,1
20.0,-0.7999999999999998,1,0,1,1,0,1,1,1
-2.9999999999999996,-4.2,1,0,1,0,0,1,1,1
4.0,3.1,1,0,1,0,1,1,1,1
-20.0,-2.2,0,1,0,0,0,0,0,0
11.0,7.0,0,0,0,0,1,1,1,0
-7.0,-13.8,0,0,1,1,1,1,1,1
-23.0,3.0,0,1,1,1,1,0,0,0
-8.0,-7.000000000000001,0,1,0,0,0,0,0,0
13.0,7.3,1,0,0,0,1,1,1,1
26.0,9.0,0,0,1,1,1,1,1,0
-5.0,4.3,0,1,1,0,1,0,0,0
-2.9999999999999996,-1.1000000000000005,0,1,1,1,0,0,0,1
-10.0,-6.2,0,1,1,1,1,1,1,0
-8.0,9.0,1,1,1,1,0,0,1,1
8.0,1.2,0,0,1,0,1,0,0,1
2.0,-3.5,0,0,0,0,1,0,0,0
-27.000000000000004,-3.8,0,1,1,1,0,1,1,0
40.0,14.8,0,0,1,0,0,1,1,0
7.0,9.0,1,1,1,1,1,1,1,1
8.0,11.2,1,1,0,0,1,0,1,1
-3.9999999999999996,1.9,0,1,1,1,0,1,1,1
-9.0,-5.2,1,1,0,1,1,0,1,1
3.0,4.3,1,1,1,1,0,1,1,1
20.0,4.6,0,0,0,0,0,0,0,0
9.0,8.1,0,0,0,0,0,0,0,0
-16.0,-8.0,0,1,0,0,0,1,0,0
-13.000000000000002,-5.000000000000001,1,1,0,0,0,0,0,0
5.0,-1.0,0,0,1,0,1,0,0,0
9.0,9.0,1,1,1,1,1,1,1,1
3.0,6.1,1,1,0,0,0,1,0,0
-6.0,11.0,1,1,0,0,0,0,0,1
-6.0,-8.5,1,0,1,1,0,1,1,1
11.0,8.8,1,0,0,0,1,1,0,0
20.0,11.2,0,0,0,0,1,1,0,0
-10.0,1.0,1,1,1,1,1,1,1,1
4.0,-5.8999999999999995,1,0,1,1,1,1,1,1
-18.0,-3.1000000000000005,0,1,0,0,0,0,0,1
-14.000000000000002,4.0,1,1,1,1,0,1,0,1
-16.0,-8.099999999999998,0,1,0,0,1,0,0,0
5.0,7.0,1,1,1,0,1,0,0,1
2.0,-2.1000000000000005,1,0,0,0,0,1,1,1
-9.0,-7.3,1,1,1,1,0,1,0,1
-0.9999999999999996,4.0,1,1,1,1,0,1,0,1
13.0,2.0,0,0,0,1,1,1,1,0
6.0,5.9,1,0,1,0,1,1,1,0
15.0,7.0,1,0,0,1,1,1,1,0
-10.0,-5.000000000000001,0,1,0,0,0,0,0,0
-17.0,-5.099999999999999,0,1,0,0,0,0,0,1
12.0,5.0,1,0,0,0,1,0,1,0
-2.9999999999999996,-3.1000000000000005,1,0,0,1,1,1,1,1
-8.0,-4.0,0,1,0,1,1,0,0,0
-1.9999999999999996,11.100000000000001,1,1,0,0,0,0,0,1
-10.0,-5.2,0,1,1,1,1,0,0,0
-11.0,1.0,1,1,0,0,0,0,0,1
-1.9999999999999996,2.0,1,1,1,1,0,0,0,0
5.0,-7.000000000000001,0,0,0,0,1,1,1,0
27.0,7.0,0,0,0,1,1,1,1,0
14.0,9.0,0,0,0,0,1,1,1,0
14.0,-2.1000000000000005,1,0,0,0,1,1,1,1
11.0,4.1,1,0,1,1,1,1,1,1
-9.0,5.8,0,1,0,1,1,0,0,0
-17.0,-2.0,0,1,0,0,0,0,0,0
13.0,1.0,1,0,1,1,1,1,1,1
-15.000000000000002,-8.099999999999998,0,1,0,0,0,0,1,0
8.0,12.100000000000001,1,1,0,0,0,1,1,1
10.0,12.0,1,1,0,0,0,0,0,1
5.0,4.3,0,0,0,1,1,0,0,0
4.0,8.0,1,1,0,0,0,0,1,1
-7.0,-1.1000000000000005,0,1,1,1,0,1,1,1
7.0,-3.0,0,0,0,0,1,0,0,0
6.0,0.10000000000000009,0,0,1,0,0,0,0,0
33.99999999999999,12.2,0,0,1,1,1,1,1,0
-19.0,-4.1,1,1,1,1,0,0,1,1
4.0,5.2,0,1,0,0,0,0,0,0
18.0,6.0,0,0,1,1,0,1,0,0
13.0,4.1,0,0,0,0,1,0,0,0
16.0,11.0,0,0,1,0,1,1,1,0
5.0,-1.1000000000000005,1,0,1,1,1,1,1,1
6.0,3.0,0,0,0,0,1,1,1,0
-20.0,-9.7,1,1,1,0,0,0,1,1
5.0,5.9,0,1,0,1,1,0,1,1
10.0,8.0,0,0,0,0,0,0,0,0
13.0,4.7,0,0,0,0,1,0,0,0
-6.0,-2.8,1,1,0,1,0,1,1,1
-5.0,-3.0,1,1,1,1,0,0,1,1
10.0,5.1,0,0,1,1,1,0,0,1
23.0,5.9,0,0,1,1,1,1,1,0
15.0,7.6,1,0,1,1,0,1,1,1
-2.9999999999999996,6.0,1,1,0,1,1,0,0,1
16.0,14.0,0,0,1,1,1,1,1,0
-8.0,-9.8,1,0,0,1,1,1,1,1
6.0,-0.8999999999999999,0,0,0,0,1,0,1,1
25.0,8.0,0,0,1,1,1,1,1,0
-10.0,-9.099999999999998,1,1,1,1,1,1,1,1
-0.9999999999999996,5.4,1,1,0,1,0,0,1,1
-18.0,12.100000000000001,1,1,1,0,0,0,0,1
7.0,3.0,0,0,0,0,1,0,1,0
15.0,4.8,0,0,0,0,1,1,0,0
2.0,5.4,0,1,0,0,0,0,0,0
-28.999999999999996,-10.899999999999999,1,1,0,0,0,0,1,0
1.0,9.900000000000002,0,1,0,0,0,0,0,1
8.0,1.2,0,0,0,0,1,1,1,1
10.0,11.2,0,1,1,0,1,0,0,0
17.0,7.9,1,0,0,1,1,1,1,0
-11.999999999999998,1.0,1,1,0,0,0,0,0,1
-0.9999999999999996,2.0,1,1,1,1,1,1,0,1
-10.0,5.1,1,1,0,0,1,0,0,0
13.0,-7.000000000000001,0,0,0,1,1,0,0,1
14.0,9.0,0,0,0,0,0,0,0,0
-6.0,7.2,0,1,1,1,1,0,0,0
-8.0,-7.8,0,1,0,0,1,0,0,0
-9.0,9.0,1,1,0,0,0,0,0,1
2.0,-3.8,0,0,1,0,1,1,1,1
20.0,-1.1000000000000005,1,0,1,1,1,1,1,0
17.0,-17.2,1,0,1,1,1,1,0,1
5.0,13.5,1,1,0,0,0,0,0,1
-2.9999999999999996,14.7,1,1,1,1,0,0,0,1
6.0,15.599999999999998,0,1,1,1,0,1,0,1
8.0,-6.2,1,0,0,0,1,1,1,1
10.0,4.1,0,0,0,0,0,0,0,0
3.0,-1.0,0,0,0,0,0,0,0,0
-19.0,-5.099999999999999,0,1,1,1,1,1,1,1
5.0,9.900000000000002,1,1,1,1,0,0,1,1
-25.0,-10.0,1,1,0,0,0,0,1,1
16.0,0.7999999999999998,0,0,0,0,1,0,0,0
7.0,5.4,0,0,1,1,1,0,0,0
-7.0,1.9,1,1,1,1,1,1,1,1
5.0,12.5,1,1,0,0,0,0,0,1
9.0,-3.7,0,0,0,0,1,0,0,0
9.0,8.2,0,0,0,0,1,1,1,0
-14.000000000000002,-9.099999999999998,1,1,1,1,1,1,1,1
12.0,6.0,1,0,0,0,1,0,0,1
20.0,11.0,0,0,1,1,1,1,1,0
-6.0,1.8,1,1,1,1,0,1,1,1
6.0,-3.1000000000000005,1,0,0,0,1,0,0,0
-30.999999999999996,1.6,1,1,1,1,0,1,1,1
21.0,14.0,0,0,0,0,1,0,1,0
-9.0,-6.7,1,1,0,0,0,1,1,0
8.0,14.0,0,1,1,1,1,1,0,1
-11.999999999999998,-9.099999999999998,1,1,0,1,0,0,1,1
18.0,9.0,0,0,0,0,1,1,0,0
8.0,3.2,0,0,0,1,1,1,1,1
6.0,-2.0,0,0,1,1,0,0,0,0
15.0,3.9,0,0,0,0,1,0,1,0
16.0,13.3,1,0,0,0,0,0,1,1
7.0,10.2,1,1,0,0,0,0,0,0
-22.0,-4.0,1,1,0,1,0,1,0,0
-7.0,1.0,1,1,0,0,0,0,0,1
7.0,-2.6000000000000005,0,0,1,0,1,1,1,1
-2.9999999999999996,12.0,1,1,0,0,0,0,0,1
21.0,4.0,0,0,1,1,1,0,1,0
-3.9999999999999996,4.1,1,1,1,1,0,0,0,0
16.0,5.0,0,0,0,0,0,0,1,0
12.0,13.900000000000002,0,1,0,0,0,0,0,1
16.0,0.8999999999999999,1,0,1,1,1,1,1,0
11.0,6.0,0,0,1,1,0,1,1,0
8.0,6.0,0,0,1,1,0,1,1,0
37.0,8.2,1,0,0,0,1,1,1,1
-7.0,1.0,1,1,0,0,0,0,0,1
8.0,8.8,0,1,0,0,1,0,0,0
7.0,18.2,0,1,1,1,1,0,0,0
-14.000000000000002,-11.0,1,1,0,0,1,0,1,1
-24.0,-2.2,0,1,1,1,1,0,0,0
29.0,5.0,0,0,0,0,0,0,1,0
-2.9999999999999996,-1.3999999999999995,1,1,1,1,0,0,0,1
-9.0,-0.8999999999999999,1,1,0,0,0,0,0,0
-9.0,-1.1000000000000005,0,1,1,1,1,0,0,1
5.0,6.888888888888889,1,1,0,0,0,1,1,1
-1.9999999999999996,9.0,1,1,1,1,0,0,0,1
18.0,15.8,1,0,0,0,0,1,1,0
49.0,11.5,0,0,1,1,1,1,1,0
33.99999999999999,7.3,1,0,1,1,1,0,0,1
3.0,-0.5999999999999996,0,0,0,0,0,0,0,0
43.0,1.7,0,0,0,0,1,0,0,0
-11.0,5.4,1,1,0,0,0,1,1,1
9.0,-6.7,0,0,1,1,1,1,0,1
21.0,9.0,1,0,0,0,1,1,1,0
5.0,2.2,0,0,0,0,1,0,1,1
-18.0,0.8999999999999999,0,1,0,0,0,1,0,1
-8.0,-5.000000000000001,1,1,0,0,1,0,1,1
6.0,3.4,0,0,1,0,0,0,0,0
17.0,7.0,0,0,0,0,0,0,0,0
36.0,15.100000000000001,1,0,0,0,0,0,1,1
21.0,5.0,0,0,0,0,0,0,1,0
-3.9999999999999996,-1.1000000000000005,1,1,0,0,0,1,0,1
1.0,5.0,1,1,0,0,0,0,1,1
-15.000000000000002,3.0,1,1,1,1,1,1,1,1
-16.0,3.1,1,1,1,1,0,1,0,0
8.0,9.8,1,1,0,0,0,0,0,1
-6.0,-3.3000000000000007,1,1,1,1,0,1,1,1
-21.0,-5.000000000000001,1,1,0,1,0,0,0,1
33.99999999999999,8.7,0,0,0,1,1,1,0,0
10.0,10.9,1,1,0,0,0,0,0,1
-2.9999999999999996,4.1,1,1,1,1,0,1,0,0
-5.0,-9.0,0,0,0,0,0,0,0,0
16.0,7.0,0,0,0,0,0,1,0,0
18.0,7.8,1,0,0,0,1,1,1,0
8.0,11.100000000000001,0,1,1,1,1,0,0,0
-7.0,1.3,0,1,1,0,0,0,0,0
-18.0,-9.099999999999998,0,1,0,0,1,0,0,0
-6.0,-9.899999999999999,0,0,0,0,1,1,0,1
14.0,1.2,1,0,1,1,1,1,1,1
-5.0,-2.1000000000000005,0,1,1,1,0,0,1,1
5.0,9.0,1,1,1,1,0,0,0,1
-14.000000000000002,-15.3,0,0,1,0,0,1,1,0
-5.0,3.8,1,1,1,1,1,0,1,1
7.0,7.0,1,1,1,1,0,0,0,1
-8.0,9.1,1,1,0,0,0,0,0,1
12.0,6.300000000000001,1,0,1,0,0,1,1,1
-3.9999999999999996,-3.1000000000000005,0,1,0,0,1,0,0,0
7.0,1.0,0,0,1,1,1,0,1,0
21.0,-4.0,0,0,0,0,1,1,1,1
11.0,-9.0,0,0,0,0,0,0,1,1
8.0,4.2,1,0,1,1,1,1,1,1
10.0,8.0,0,0,0,0,0,1,1,0
12.0,8.5,0,0,0,1,0,1,1,1
12.0,-1.0,0,0,1,1,0,1,1,0
-15.000000000000002,-11.500000000000004,1,1,0,0,1,0,1,1
4.0,-10.0,0,0,1,1,1,1,0,1
-9.0,-0.8999999999999999,1,1,0,0,0,0,0,0
-8.0,-4.8999999999999995,0,1,0,0,0,0,0,0
5.0,9.1,0,1,0,0,0,0,0,0
33.0,11.100000000000001,0,0,1,1,1,1,1,0
11.0,9.0,0,0,0,0,1,1,0,0
1.0,7.0,1,1,0,1,1,0,1,1
16.0,15.0,0,0,1,1,1,0,0,0
-15.000000000000002,6.9,0,1,0,0,0,0,1,1
7.0,8.0,1,1,1,1,1,0,1,1
-6.0,-3.0,1,1,0,0,0,0,1,1
-5.0,-12.099999999999998,0,0,0,1,1,1,0,0
3.0,-6.000000000000001,0,0,1,0,1,1,1,0
-14.000000000000002,-10.0,1,1,0,0,0,1,1,0
7.0,-3.1000000000000005,0,0,0,1,1,0,0,0
-5.0,-5.8,0,0,1,1,1,0,0,1
4.0,9.0,0,1,0,0,0,1,1,1
12.0,3.7,1,0,0,0,0,0,1,0
9.0,11.0,1,1,0,0,0,0,0,1
-8.0,9.0,1,1,1,1,1,0,0,1
-21.0,0.7999999999999998,1,1,0,1,0,1,0,1
-1.9999999999999996,1.5,1,1,1,1,0,1,1,1
12.0,5.0,0,0,0,1,0,0,0,0
6.0,6.1,1,1,0,0,0,1,0,0
16.0,5.9,0,0,1,0,1,0,0,0
16.0,9.8,1,0,1,1,1,1,1,1
9.0,4.0,0,0,0,1,0,0,0,0
1.0,8.7,1,1,1,1,0,0,1,1
24.0,10.9,1,0,1,1,1,1,1,0
8.0,14.0,1,1,0,0,1,0,0,1
9.0,-9.0,0,0,0,0,1,1,0,0
2.0,5.8,0,1,0,0,0,0,0,1
12.0,-3.1000000000000005,1,0,1,1,1,1,0,0
22.0,9.0,1,0,1,1,0,0,1,0
7.0,1.8,0,0,0,0,1,1,1,0
3.0,-1.0,0,0,1,1,1,1,1,0
-2.9999999999999996,8.8,1,1,1,1,0,0,0,1
22.0,7.5,0,0,1,1,1,1,0,0
11.0,9.0,0,0,0,0,0,1,1,0
8.0,16.0,0,1,1,1,1,0,0,1
6.0,13.0,0,1,1,1,0,0,0,1
-11.0,-4.0,1,1,1,0,1,0,1,1
11.0,10.0,0,0,1,1,1,1,1,0
-24.0,-3.1000000000000005,0,1,0,1,0,0,0,1
22.0,-6.7,0,0,0,1,0,0,1,0
-14.000000000000002,-8.0,1,1,0,0,0,0,0,0
-9.0,-8.0,1,1,1,1,0,1,1,1
-24.0,-11.0,1,1,1,1,1,0,1,0
-17.0,1.0,1,1,0,0,1,0,0,1
3.0,15.0,1,1,1,0,0,0,0,1
19.0,12.100000000000001,1,0,1,1,1,1,1,1
10.0,-6.000000000000001,0,0,1,0,1,1,0,0
-2.9999999999999996,-8.899999999999999,0,0,0,1,1,1,1,1
12.0,21.9,0,1,1,1,1,1,1,1
15.0,8.1,0,0,1,1,1,1,1,1
3.0,1.0,0,0,1,1,1,1,1,0
22.0,1.7,1,0,0,0,1,1,1,0
-13.000000000000002,-9.0,1,1,0,0,1,0,0,1
-9.0,1.7,1,1,1,1,0,1,1,1
8.0,-5.099999999999999,0,0,1,1,1,1,0,0
-14.000000000000002,-5.000000000000001,1,1,1,1,0,0,0,1
-1.9999999999999996,-3.0,0,0,0,0,1,0,0,0
5.0,6.0,1,1,1,1,1,1,1,1
11.0,8.1,0,0,0,0,0,1,0,0
12.0,13.0,1,1,0,0,1,0,0,1
48.0,13.0,0,0,0,1,0,0,0,0
24.0,4.0,0,0,0,0,1,0,0,0
-19.0,-3.0,1,1,0,0,1,0,0,0
-1.9999999999999996,5.7,1,1,1,1,1,0,0,1
6.0,1.7,0,0,0,0,0,1,1,0
33.99999999999999,8.0,0,0,0,0,0,0,0,0
-15.000000000000002,-11.3,1,1,0,0,0,0,1,1
8.0,12.5,0,1,1,1,1,0,0,0
-6.0,1.5,1,1,0,0,0,0,0,1
-3.9999999999999996,2.5,1,1,1,1,0,0,1,1
-7.0,-4.1,1,1,0,0,1,0,0,1
9.0,-1.2000000000000002,0,0,1,1,1,1,0,0
8.0,18.899999999999995,0,1,1,1,1,1,0,1
2.0,-10.2,0,0,0,0,0,0,0,0
2.0,6.0,1,1,0,0,1,0,1,1
11.0,7.5,0,0,0,0,1,0,0,0
-20.0,-5.7,1,1,0,0,0,1,1,1
8.0,1.0,0,0,1,1,1,1,1,0
20.0,17.0,0,0,0,0,0,1,1,0
6.0,-7.000000000000001,0,0,1,1,1,1,0,0
7.0,2.1,1,0,1,0,1,0,1,1
2.0,16.3,0,1,0,1,0,1,0,0
-20.0,6.0,1,1,1,1,0,1,1,1
-2.9999999999999996,6.1,1,1,0,0,0,1,0,1
3.0,2.0,0,0,1,1,1,0,0,0
-6.0,-6.3,0,0,1,1,1,1,0,1
14.0,6.0,0,0,0,0,0,1,0,0
9.0,13.2,1,1,0,0,0,1,1,1
-7.0,-8.5,0,0,0,0,1,0,0,0
-2.9999999999999996,11.0,0,1,0,0,1,0,0,1
-9.0,5.2,1,1,0,1,0,1,0,1
-1.9999999999999996,1.9,0,1,1,1,0,0,0,1
-3.9999999999999996,-5.099999999999999,0,0,1,0,0,0,1,0
13.0,7.0,0,0,1,1,1,0,0,0
-13.000000000000002,-11.0,1,1,0,0,0,1,1,1
-3.9999999999999996,2.8,1,1,0,0,0,1,0,1
17.0,6.0,0,0,1,0,0,0,1,0
7.0,13.0,0,1,1,1,1,0,0,1
-9.0,9.0,1,1,1,1,1,0,0,1
12.0,4.2,0,0,1,1,1,1,1,0
-3.9999999999999996,0.7000000000000002,0,1,0,0,0,0,0,0
9.0,6.6,1,0,1,0,0,1,1,0
5.0,6.1,1,1,0,0,0,0,0,0
-10.0,-3.0,1,1,0,1,1,1,0,1
8.0,-3.0,0,0,1,1,1,1,1,0
-19.0,2.0,1,1,1,1,1,0,1,1
25.0,11.100000000000001,1,0,0,1,0,1,1,1
-7.0,-9.0,0,0,1,1,0,1,0,0
-5.0,-7.000000000000001,0,0,0,0,1,1,1,0
-15.000000000000002,-9.0,1,1,1,1,0,0,1,1
18.0,4.0,0,0,0,0,1,0,0,0
22.0,14.8,0,0,0,0,0,0,1,0
-1.9999999999999996,-3.0,0,0,1,1,1,1,1,0
16.0,-3.1000000000000005,0,0,0,0,0,0,0,0
-28.999999999999996,-9.0,1,1,1,1,0,1,1,1
-22.0,-9.0,1,1,1,1,0,0,0,1
14.0,2.0,0,0,0,0,1,0,0,0
-8.0,-4.0,1,1,1,1,1,0,1,1
-7.0,14.100000000000001,1,1,1,1,1,1,1,0
6.0,5.0,0,0,1,1,0,1,0,0
13.0,15.0,1,1,1,0,0,1,0,1
5.0,7.9,0,1,0,0,0,0,0,1
2.0,-1.1000000000000005,0,0,1,1,1,1,0,0
-14.000000000000002,-4.1,1,1,1,0,0,1,1,1
7.0,14.0,1,1,1,0,1,0,0,1
-10.0,-11.0,0,0,0,0,0,0,0,0
18.0,11.100000000000001,0,0,1,1,0,1,0,0
14.0,3.1,0,0,0,0,1,0,1,0
-3.9999999999999996,3.0,1,1,1,0,0,1,1,1
-8.0,-0.7999999999999998,1,1,0,1,0,1,1,1
11.0,6.0,1,0,1,1,1,1,1,1
8.0,5.4,0,0,1,1,1,1,1,0
8.0,5.2,0,0,1,0,1,1,1,0
-9.0,12.0,1,1,0,0,0,1,1,1
14.0,14.0,1,1,0,1,1,0,0,1
13.0,5.9,0,0,0,0,0,1,1,0
8.0,3.0,0,0,0,0,1,0,0,0
3.0,-1.0,0,0,0,0,0,1,1,0
4.0,1.0,0,0,1,1,1,1,1,0
10.0,6.2,0,0,1,0,1,1,1,0
-7.0,-2.2,1,1,0,0,0,0,1,1
15.0,11.0,0,0,0,1,0,1,1,0
-2.9999999999999996,13.100000000000001,1,1,0,0,0,0,0,1
13.0,-4.7,1,0,0,0,1,0,1,1
3.0,-7.000000000000001,0,0,0,0,1,1,1,0
2.0,-8.0,0,0,1,1,1,1,1,0
11.0,5.0,0,0,0,0,1,1,1,0
-0.9999999999999996,-13.0,0,0,1,1,1,1,1,1
-0.9999999999999996,8.0,1,1,0,1,1,0,1,1
-21.0,-3.0,1,1,1,1,0,0,1,1
20.0,14.2,0,0,0,0,1,1,1,0
24.0,13.0,0,0,1,1,1,1,1,0
-0.9999999999999996,-4.0,0,0,1,1,1,1,1,0
-6.0,3.0,0,1,1,1,0,0,0,0
7.0,6.0,0,0,1,1,1,1,1,0
-16.0,-6.099999999999999,1,1,1,1,0,0,1,1
-3.9999999999999996,-6.000000000000001,0,0,1,1,1,1,1,0
22.0,9.0,0,0,0,0,0,1,1,0
15.0,-5.000000000000001,0,0,1,1,1,0,1,0
-9.0,-6.000000000000001,1,1,0,0,0,0,1,1
-24.0,-3.1000000000000005,1,1,1,1,0,1,1,1
-3.9999999999999996,6.0,1,1,1,1,1,1,1,1
-5.0,-4.8999999999999995,1,1,0,1,0,0,1,0
9.0,2.2,0,0,0,0,0,0,0,0
33.0,15.7,0,0,1,1,1,1,1,0
15.0,6.0,0,0,1,1,1,1,1,0
-14.000000000000002,6.8,1,1,0,0,0,0,0,1
-9.0,7.0,1,1,0,0,0,0,1,1
26.0,9.0,0,0,1,1,1,1,1,0
4.0,12.8,0,1,1,1,1,0,0,1
-6.0,-1.6000000000000005,1,1,1,1,1,1,1,1
12.0,11.0,0,0,1,0,0,0,1,0
24.0,12.0,0,0,1,1,0,0,0,0
10.0,9.0,0,0,0,0,0,1,0,0
5.0,-3.3000000000000007,0,0,0,1,0,0,0,0
8.0,9.3,1,1,0,1,1,1,0,0
-5.0,4.9,1,1,0,0,0,1,0,1
35.0,9.8,0,0,0,1,0,0,0,0
14.0,7.1,0,0,1,1,1,1,0,0
21.0,17.0,0,0,0,0,0,0,1,0
10.0,4.1,0,0,0,0,0,1,1,0
-7.0,-5.000000000000001,1,1,1,1,1,1,0,1
-5.0,4.8,1,1,0,0,0,1,0,1
11.0,-9.0,0,0,0,1,0,0,0,0
-1.9999999999999996,3.8,1,1,0,0,0,0,1,1
9.0,5.0,0,0,0,0,0,1,1,0
35.0,15.0,0,0,0,1,0,1,1,0
-10.0,7.0,1,1,1,1,1,0,1,1
26.0,13.0,0,0,1,0,0,1,0,0
1.0,5.0,1,1,1,0,0,1,1,1
38.0,12.0,1,0,1,1,0,0,0,0
32.0,17.0,0,0,1,1,0,0,1,0
32.0,4.0,0,0,0,1,1,0,0,0
5.0,11.0,1,1,0,0,1,0,0,1
20.0,8.1,0,0,0,0,0,1,0,1
-0.9999999999999996,14.0,1,1,1,0,0,1,1,0
9.0,8.1,0,0,0,0,0,0,0,1
11.0,7.9,1,0,1,1,1,1,1,0
26.0,17.1,0,0,1,1,0,0,1,1
17.0,6.0,0,0,1,1,0,0,0,1
17.0,10.8,0,0,1,1,0,0,0,0
21.0,8.1,0,0,0,0,0,1,1,1
12.0,4.8,1,0,0,0,1,0,0,1
-28.999999999999996,-9.099999999999998,0,1,0,0,0,1,0,0
-16.0,0.2999999999999998,0,1,1,0,0,1,1,0
1.0,-3.5,1,0,1,1,1,1,1,1
-10.0,-4.1,0,1,0,0,0,1,0,0
8.0,3.0,1,0,0,0,0,1,1,0
-9.0,-11.599999999999998,1,0,0,0,1,0,1,1
16.0,2.9,1,0,0,0,0,1,1,0
8.0,-1.1000000000000005,1,0,1,1,1,1,1,1
17.0,-0.5999999999999996,1,0,1,1,1,1,1,1
-11.0,-8.099999999999998,0,1,0,0,0,0,0,0
-1.9999999999999996,-6.099999999999999,1,0,0,0,1,0,1,1
9.0,-0.7000000000000006,1,0,1,1,1,1,1,1
-21.0,-13.0,0,1,1,1,0,1,0,0
-27.000000000000004,-8.3,0,1,0,0,0,1,0,0
14.0,14.3,0,1,0,1,1,1,1,0
14.0,-4.0,1,0,0,1,1,1,0,1
4.0,1.9,1,0,0,1,1,1,0,0
27.0,7.0,0,0,0,0,1,1,0,0
3.0,7.0,1,1,0,0,0,0,1,1
33.0,9.0,0,0,0,0,0,1,1,0
-1.9999999999999996,5.8,0,1,0,0,0,0,1,0
-10.0,-2.3999999999999995,0,1,0,0,1,1,0,0
-11.999999999999998,-2.8999999999999995,0,1,1,1,1,0,0,0
18.0,1.5,1,0,1,0,0,0,1,1
-7.0,2.0,1,1,0,0,0,0,0,0
3.0,9.1,0,1,0,0,0,0,0,0
32.0,6.2,1,0,1,1,1,1,0,1
33.0,6.0,0,0,1,1,1,1,1,1
5.0,6.0,1,1,0,0,0,0,0,0
12.0,9.2,0,0,0,1,0,1,0,0
11.0,8.0,0,0,0,0,0,0,0,0
-0.9999999999999996,7.0,0,1,1,0,0,0,1,0
11.0,9.0,0,0,0,0,0,1,0,0
-6.0,3.2,1,1,1,1,1,1,1,1
25.0,7.0,0,0,1,1,1,1,0,0
4.0,5.0,0,1,1,1,1,0,0,1
-3.9999999999999996,-2.1000000000000005,0,1,1,1,0,1,1,0
-13.000000000000002,-2.1000000000000005,0,1,1,0,0,0,0,0
12.0,-2.5,1,0,1,1,1,1,1,1
-3.9999999999999996,5.1,0,1,0,0,0,0,0,0
14.0,1.9,1,0,0,0,1,0,0,1
-0.9999999999999996,-5.2,1,0,0,1,1,1,1,1
-7.0,-6.099999999999999,0,1,1,1,0,0,1,0
7.0,4.1,0,0,0,0,0,1,0,1
-3.9999999999999996,7.0,1,1,1,1,1,0,1,1
4.0,13.100000000000001,1,1,0,1,1,0,0,0
8.0,4.9,1,0,0,0,1,1,0,0
14.0,0.2999999999999998,1,0,0,0,0,0,0,1
12.0,3.1,1,0,0,0,0,0,1,1
27.0,4.0,1,0,1,1,1,1,1,1
-6.0,7.3,1,1,1,1,1,1,1,1
31.0,11.0,0,0,0,0,0,1,0,0
27.0,9.0,0,0,1,1,0,0,1,0
19.0,11.400000000000002,0,0,0,1,0,1,1,1
15.0,-5.8,1,0,0,0,1,1,1,1
28.0,-2.1000000000000005,1,0,1,1,1,0,0,1
6.0,-6.099999999999999,1,0,0,0,0,1,0,1
24.0,-1.3999999999999995,1,0,0,0,0,0,0,1
38.0,10.8,1,0,1,1,1,1,1,0
9.0,7.0,0,0,1,0,0,0,1,0
-26.0,-6.099999999999999,0,1,1,1,1,1,1,0
-7.0,3.0,0,1,1,1,0,1,1,0
8.0,7.0,0,0,0,0,0,0,0,0
15.0,5.7,0,0,1,1,1,0,0,0
33.0,6.0,0,0,1,1,1,1,1,1
29.999999999999996,0.8999999999999999,1,0,0,0,1,1,1,1
-11.0,2.0,1,1,0,0,0,0,0,1
-15.000000000000002,5.1,1,1,1,1,0,1,1,0
14.0,1.9,1,0,0,0,0,1,0,0
-3.9999999999999996,4.8,0,1,1,1,0,0,0,0
-3.9999999999999996,3.1,1,1,1,1,1,1,1,1
13.0,3.3,0,0,0,0,1,1,0,0
12.0,3.1,0,0,0,0,1,0,0,0
-1.9999999999999996,-5.000000000000001,0,0,1,1,1,0,0,0
-15.000000000000002,9.399999999999999,1,1,0,1,0,0,1,1
8.0,9.0,1,1,0,0,0,1,0,1
36.0,6.699999999999999,1,0,0,0,0,1,1,0
7.0,9.0,1,1,1,1,1,1,1,1
-23.0,-5.3,0,1,0,1,1,0,1,0
-10.0,0.6000000000000001,0,1,1,1,1,1,0,1
-19.0,0.7000000000000002,1,1,0,1,1,0,1,1
6.0,5.0,0,0,1,1,0,1,0,0
16.0,3.0,0,0,0,0,1,0,0,0
16.0,12.8,0,0,1,1,1,1,0,0
3.0,-2.5,0,0,1,1,1,1,1,0
8.0,-4.1,1,0,1,1,1,1,1,1
7.0,3.0,0,0,0,0,0,1,0,0
-7.0,12.0,1,1,0,0,1,0,0,1
-1.9999999999999996,7.0,1,1,1,1,1,0,0,1
8.0,-0.7999999999999998,0,0,1,1,1,1,1,0
26.0,10.7,1,0,0,0,0,1,1,0
-2.9999999999999996,3.0,1,1,1,1,0,0,1,1
6.0,10.5,1,1,1,1,1,0,1,1
18.0,-3.0,0,0,0,0,0,1,1,0
-11.0,-5.3,1,1,0,1,0,1,1,1
9.0,7.0,0,0,0,0,1,1,1,0
20.0,-11.099999999999998,1,0,0,1,1,1,1,1
-3.9999999999999996,-6.099999999999999,1,0,1,1,1,1,1,1
-14.000000000000002,-3.2,1,1,1,0,0,0,0,1
-10.0,-2.2,1,1,1,1,0,0,0,1
-13.000000000000002,7.1,1,1,1,1,0,0,0,0
-0.9999999999999996,2.1,1,1,1,1,0,1,1,1
3.0,1.0,0,0,0,0,1,0,1,0
-24.0,4.3,0,1,1,1,0,0,0,0
17.0,4.0,0,0,0,0,1,1,1,0
15.0,3.0,0,0,1,0,1,1,1,0
-0.9999999999999996,-12.0,0,0,1,1,1,0,1,0
20.0,4.2,0,0,0,0,1,1,0,1
2.0,6.0,1,1,0,0,0,1,1,1
17.0,3.0,0,0,0,0,0,0,1,0
26.0,3.0,0,0,0,0,0,1,1,0
-5.0,-2.0,1,1,0,0,0,1,0,1
-5.0,7.0,1,1,0,0,0,0,0,1
-16.0,6.9,1,1,0,0,0,0,0,1
11.0,2.5,0,0,0,0,0,0,1,0
-6.0,0.8999999999999999,1,1,0,0,0,0,0,1
11.0,4.0,0,0,1,0,1,0,1,0
32.0,6.4,0,0,0,0,1,1,0,0
32.0,8.1,0,0,0,0,0,0,0,0
-25.0,-4.6,1,1,0,0,0,1,1,1
10.0,16.2,1,1,0,0,1,1,1,1
22.0,2.7,0,0,0,1,1,0,0,0
12.0,5.1,0,0,0,0,0,1,0,1
-8.0,0.7000000000000002,1,1,1,1,1,0,1,1
1.0,3.4,1,1,1,1,0,1,1,1
3.0,8.0,1,1,1,1,0,1,1,1
9.0,-4.0,0,0,0,0,1,0,0,0
-11.999999999999998,4.1,1,1,1,1,0,1,1,0
-3.9999999999999996,7.1,1,1,1,1,0,1,1,1
8.0,6.0,0,0,0,0,0,0,0,0
14.0,8.0,0,0,0,0,0,0,0,0
21.0,18.0,0,0,1,1,1,1,1,0
8.0,3.0,0,0,0,0,0,1,0,0
-10.0,3.2,0,1,0,0,0,0,1,0
25.0,0.7999999999999998,1,0,0,0,1,0,1,0
7.0,11.0,1,1,1,1,0,0,1,1
-16.0,2.2,1,1,0,1,0,1,1,1
31.0,10.9,0,0,0,0,1,1,1,0
-1.9999999999999996,8.3,1,1,1,1,1,0,0,1
6.0,3.0,0,0,0,0,1,0,0,0
7.0,-4.1,0,0,1,1,1,0,0,0
-10.0,5.0,1,1,1,1,1,1,1,1
-24.0,-6.500000000000001,1,1,0,0,0,0,0,0
-2.9999999999999996,0.7999999999999998,0,1,0,0,0,0,0,1
-6.0,5.0,1,1,1,1,1,1,1,1
28.0,4.6,0,0,0,0,1,1,1,0
4.0,-5.000000000000001,0,0,0,0,1,1,1,0
10.0,8.8,0,0,0,1,1,1,1,0
-1.9999999999999996,-4.8999999999999995,1,0,1,1,1,1,1,1
2.0,7.0,1,1,0,1,1,1,1,1
-13.000000000000002,-4.5,1,1,0,1,0,1,1,1
-1.9999999999999996,-0.10000000000000009,1,1,0,0,1,0,1,1
-11.0,-7.099999999999999,0,1,0,0,0,0,0,1
-11.0,-1.0,1,1,0,0,0,1,0,1
11.0,7.0,0,0,1,0,1,1,1,0
10.0,2.6,0,0,0,0,1,0,1,0
-6.0,-1.0,1,1,0,0,0,1,0,1
11.0,10.0,0,0,1,1,1,1,1,0
-11.0,5.0,1,1,1,1,0,1,0,1
-6.0,-1.2000000000000002,0,1,1,1,1,0,0,0
-18.0,5.0,1,1,0,1,1,1,0,1
21.0,14.8,0,0,0,0,0,1,1,0
-27.000000000000004,-0.2999999999999998,0,1,0,1,1,1,0,0
-14.000000000000002,-5.000000000000001,1,1,1,1,0,1,0,1
7.0,7.1,1,1,1,0,0,0,0,0
7.0,7.0,1,1,0,1,1,0,0,1
26.0,0.2999999999999998,0,0,1,1,0,1,1,0
13.0,16.1,1,1,1,1,0,0,0,1
-1.9999999999999996,9.1,1,1,0,0,0,1,0,0
16.0,-1.0,0,0,0,0,0,1,1,0
16.0,4.0,0,0,0,0,0,1,0,0
4.0,11.0,1,1,0,1,1,0,1,1
1.0,-3.1000000000000005,0,0,1,1,1,0,1,0
27.0,11.0,0,0,0,0,1,1,0,0
32.0,16.0,0,0,1,1,1,0,1,0
-6.0,6.0,1,1,1,1,0,1,1,1
19.0,8.0,0,0,0,0,1,1,0,0
7.0,7.0,1,1,1,1,1,1,1,1
-7.0,-1.0,1,1,1,1,0,1,1,1
4.0,6.0,1,1,1,1,1,1,1,1
-25.0,4.0,1,1,1,1,0,0,1,1
-2.9999999999999996,-6.3,0,0,0,0,1,0,1,0
7.0,6.0,0,0,0,1,1,0,0,0
-6.0,-6.000000000000001,0,0,1,0,1,1,0,0
7.0,5.0,0,0,0,0,0,1,1,0
3.0,1.4,0,0,1,1,1,1,1,0
10.0,2.9,1,0,0,0,1,0,1,0
2.0,2.0,1,1,0,0,0,1,1,1
-3.9999999999999996,12.2,1,1,0,0,0,0,1,1
7.0,-7.000000000000001,0,0,0,0,0,0,0,0
-5.0,-5.2,1,0,1,0,1,1,1,0
16.0,4.0,0,0,0,0,1,0,0,0
7.0,7.0,1,1,1,1,1,1,1,1
23.0,4.0,0,0,0,0,0,0,0,0
17.0,5.0,0,0,0,0,0,1,1,0
-8.0,2.5,1,1,0,0,1,0,0,1
24.0,11.400000000000002,0,0,0,0,1,1,0,0
7.0,5.0,0,0,0,0,0,0,0,0
4.0,2.0,0,0,1,0,1,1,1,0
-16.0,-8.099999999999998,0,1,1,1,0,1,1,1
23.0,8.2,0,0,1,1,1,1,0,0
-9.0,-7.099999999999999,0,1,1,0,0,1,0,0
12.0,0.0,1,0,0,0,1,0,1,1
-20.0,4.0,1,1,1,1,0,1,1,1
-6.0,-8.099999999999998,1,0,0,1,1,1,1,1
-1.9999999999999996,-3.1000000000000005,1,0,0,0,1,1,1,0
19.0,9.2,0,0,1,1,1,0,0,0
-16.0,-3.3999999999999986,1,1,0,0,0,0,0,1
7.0,8.0,1,1,0,0,0,0,0,1
5.0,-1.7999999999999998,1,0,1,1,1,1,1,1
-2.9999999999999996,4.2,1,1,1,1,1,1,1,1
22.0,-1.0,0,0,0,0,1,0,0,0
15.0,-1.7999999999999998,0,0,1,1,1,0,0,0
9.0,6.1,0,0,1,1,1,0,1,1
8.0,7.0,0,0,1,0,1,0,0,0
-2.9999999999999996,-9.0,0,0,1,0,1,1,1,1
-1.9999999999999996,1.9,1,1,0,0,0,0,1,1
3.0,-3.3000000000000007,1,0,0,0,1,0,1,1
-20.0,-4.0,1,1,0,1,1,1,0,0
-3.9999999999999996,9.0,1,1,1,0,0,1,0,1
10.0,-4.0,0,0,1,1,1,1,1,0
14.0,3.4,0,0,0,0,1,0,1,0
-8.0,2.0,1,1,0,0,0,1,0,1
8.0,9.0,1,1,1,0,1,1,1,1
-37.0,-14.2,0,1,1,0,0,1,1,0
-15.000000000000002,5.0,1,1,1,0,0,1,1,1
7.0,-4.0,0,0,0,0,1,0,0,0
-6.0,-1.3999999999999995,1,1,1,1,0,1,1,1
-2.9999999999999996,-2.1000000000000005,1,1,1,1,0,0,1,1
5.0,7.0,1,1,1,1,0,0,1,1
5.0,13.100000000000001,1,1,1,1,0,0,1,1
4.0,6.6,1,1,1,1,0,0,1,1
3.0,-1.1000000000000005,0,0,0,0,1,1,1,0
-18.0,8.0,1,1,1,1,1,0,1,1
4.0,1.1,0,0,1,1,1,1,0,0
2.0,-3.1000000000000005,1,0,1,1,0,1,1,0
-19.0,-7.000000000000001,1,1,1,1,0,1,0,1
-5.0,4.0,1,1,1,1,0,1,1,1
21.0,-2.0,0,0,0,0,1,0,0,0
15.0,1.9,0,0,1,1,0,0,0,0
-11.0,-0.7999999999999998,1,1,0,1,0,0,0,1
12.0,11.0,0,0,1,1,0,1,1,0
25.0,7.7,0,0,0,0,1,1,0,0
-20.0,-10.0,1,1,0,0,0,1,0,1
23.0,4.3,0,0,0,0,0,0,0,0
43.0,18.0,0,0,1,1,1,0,1,0
-13.000000000000002,4.0,1,1,1,1,0,0,1,1
-5.0,-5.000000000000001,0,0,0,0,1,0,0,0
-5.0,-6.000000000000001,0,0,1,0,1,1,0,0
15.0,3.7,0,0,0,0,0,1,1,0
-24.0,-13.899999999999999,0,1,1,1,0,0,1,0
27.0,3.0,0,0,0,1,1,1,1,0
-2.9999999999999996,-2.0,1,1,0,0,0,1,1,1
-16.0,-9.0,1,1,1,1,0,1,1,1
2.0,-1.6000000000000005,0,0,1,1,1,1,1,1
21.0,5.3,0,0,1,1,1,1,1,0
-6.0,-3.0,1,1,1,1,0,1,0,1
-13.000000000000002,-3.0,1,1,1,1,0,1,0,1
-13.000000000000002,-2.0,1,1,0,1,0,1,1,1
38.0,13.0,0,0,1,1,1,1,1,0
-6.0,-3.6000000000000005,1,1,1,1,0,0,0,0
-9.0,4.9,1,1,1,1,0,0,1,1
11.0,-6.2,0,0,0,0,1,0,1,0
-2.9999999999999996,-2.1000000000000005,1,1,0,0,1,0,0,1
-11.999999999999998,-5.599999999999999,1,1,0,0,1,0,0,0
5.0,5.0,1,1,0,0,0,0,0,1
-2.9999999999999996,-1.0,1,1,0,0,0,0,0,1
13.0,12.3,0,0,1,0,0,1,1,1
18.0,3.9,1,0,0,0,1,0,1,1
10.0,-5.000000000000001,0,0,1,1,1,1,1,0
-3.9999999999999996,-11.0,0,0,0,0,1,0,0,0
15.0,-5.599999999999999,1,0,1,0,1,0,1,1
-16.0,-1.2000000000000002,0,1,1,1,0,1,0,0
21.0,-11.400000000000002,1,0,0,0,1,0,0,1
-17.0,-5.000000000000001,1,1,0,0,0,1,0,1
-8.0,1.4,1,1,1,0,1,0,0,1
-6.0,2.1,1,1,0,0,0,0,0,1
-9.0,-0.8999999999999999,1,1,1,1,1,0,0,1
-19.0,-1.8999999999999995,1,1,1,1,1,1,1,1
-8.0,-4.0,1,1,0,0,0,1,1,1
27.0,15.0,0,0,1,1,1,1,1,0
6.0,4.9,0,0,1,0,0,1,0,0
-9.0,-3.0,1,1,0,1,0,1,1,1
5.0,13.8,1,1,1,1,0,1,0,1
17.0,5.0,0,0,0,0,0,0,0,0
-11.999999999999998,12.0,1,1,0,1,0,0,1,1
19.0,-0.8999999999999999,0,0,0,0,1,1,1,0
17.0,-7.099999999999999,1,0,0,0,1,1,1,0
5.0,-10.7,0,0,0,0,1,0,1,1
-23.0,3.3,1,1,1,1,0,1,1,1
2.0,-3.8,0,0,0,1,0,0,1,0
22.0,7.0,0,0,0,1,1,0,0,0
-6.0,10.1,1,1,0,0,1,0,0,1
15.0,13.0,0,0,0,0,1,0,1,0
-1.9999999999999996,3.4,1,1,0,0,0,1,1,1
-8.0,6.0,1,1,0,1,0,0,1,1
11.0,5.0,0,0,0,1,1,0,0,0
-7.0,6.0,1,1,1,1,0,1,1,1
-7.0,-8.599999999999998,0,0,0,1,1,0,1,0
-0.9999999999999996,6.6,1,1,1,1,0,0,1,1
-5.0,11.0,1,1,0,1,0,0,0,1
1.0,-3.9000000000000004,0,0,0,0,1,0,0,0
-19.0,3.3,1,1,1,1,0,0,1,1
10.0,11.900000000000002,1,1,0,0,0,0,1,1
-18.0,-5.099999999999999,1,1,0,0,1,1,0,1
5.0,6.0,1,1,1,0,0,0,0,1
-17.0,0.7000000000000002,1,1,0,0,0,1,1,1
2.0,9.0,1,1,0,1,0,0,0,1
-36.0,1.0,1,1,0,0,0,1,0,1
6.0,-1.5,1,0,1,1,1,1,1,0
4.0,-2.0,0,0,0,0,1,1,0,0
-18.0,3.2,1,1,1,1,0,1,0,1
-18.0,-4.0,1,1,0,0,0,0,0,1
33.0,9.7,0,0,0,0,0,1,1,0
-0.9999999999999996,-9.599999999999998,0,0,0,0,1,0,0,0
25.0,-3.1000000000000005,0,0,1,1,1,1,1,0
3.0,2.0,0,0,1,0,0,1,1,0
44.0,8.0,0,0,1,1,1,1,1,0
-5.0,5.6,1,1,1,0,0,1,1,1
7.0,7.0,1,1,0,0,0,1,0,1
29.0,16.2,0,0,0,0,1,1,1,0
7.0,5.9,0,0,0,0,1,0,0,0
9.0,9.8,0,1,1,1,0,1,0,1
9.0,6.0,0,0,0,0,0,1,1,0
-6.0,7.0,1,1,1,1,0,1,1,1
-9.0,11.0,1,1,1,1,1,0,0,1
8.0,1.1,0,0,1,1,1,1,1,1
-2.9999999999999996,4.0,1,1,0,1,1,1,1,1
-0.9999999999999996,-6.000000000000001,0,0,1,0,1,0,1,0
1.0,5.0,1,1,0,0,0,0,1,1
-8.0,-3.2,1,1,1,0,0,0,1,1
-6.0,-4.1,1,1,0,0,0,0,1,1
-1.9999999999999996,3.8,1,1,1,1,1,0,1,1
-5.0,-6.000000000000001,0,0,1,1,1,0,0,0
-3.9999999999999996,1.7,0,1,1,1,0,0,1,1
-1.9999999999999996,4.0,1,1,0,1,0,0,0,1
36.0,15.0,0,0,1,1,1,0,1,0
-8.0,-3.2,1,1,0,0,0,1,1,1
11.0,5.0,0,0,0,0,0,0,0,0
-8.0,2.8,1,1,0,0,0,0,1,1
7.0,6.8,0,0,0,0,1,1,0,0
5.0,7.0,1,1,1,1,0,1,1,1
-11.0,0.8999999999999999,1,1,1,1,0,0,1,1
-14.000000000000002,-4.1,1,1,0,1,1,0,1,1
-29.999999999999996,-1.1000000000000005,1,1,0,0,0,1,1,1
5.0,-4.0,0,0,0,0,0,0,0,0
-31.999999999999996,-8.0,1,1,0,0,0,0,0,1
8.0,9.0,1,1,1,1,0,0,1,1
-30.999999999999996,-3.0,1,1,0,0,0,0,1,1
8.0,1.2,0,0,1,1,1,1,1,0
-15.000000000000002,-4.0,1,1,0,0,0,1,1,1
10.0,5.0,0,0,0,0,1,0,0,0
39.0,13.0,0,0,0,0,0,0,1,0
-17.0,-4.1,1,1,0,0,0,0,1,1
4.0,-3.1000000000000005,0,0,0,0,1,1,1,0
2.0,-2.0,0,0,0,0,0,0,1,0
-11.0,6.0,1,1,0,0,0,0,1,1
7.0,5.1,0,0,0,0,1,0,0,0
14.0,9.0,0,0,0,0,1,0,0,0
-7.0,-11.099999999999998,0,0,0,0,1,0,0,0
-3.9999999999999996,1.1,1,1,1,0,0,0,0,1
-7.0,1.9,1,1,0,0,0,0,0,1
-2.9999999999999996,5.0,1,1,1,1,0,1,1,1
21.0,6.1,0,0,0,1,1,0,0,0
8.0,-3.3000000000000007,0,0,1,1,1,1,0,0
29.999999999999996,11.900000000000002,0,0,0,0,1,1,1,0
-3.9999999999999996,3.0,1,1,0,0,0,1,0,1
-27.000000000000004,-3.0,1,1,0,1,0,1,1,1
-2.9999999999999996,-1.2999999999999998,0,1,0,0,0,1,0,0
-8.0,-2.0,1,1,0,0,0,1,1,1
7.0,-0.7000000000000006,0,0,1,1,1,1,1,0
20.0,5.8,0,0,0,0,0,1,1,0
29.0,15.599999999999998,0,0,1,0,1,0,1,0
22.0,12.100000000000001,0,0,1,1,1,1,1,0
28.0,15.0,0,0,1,1,1,0,1,0
21.0,-13.0,0,0,0,0,1,0,0,0
5.0,9.1,1,1,0,0,0,1,0,1
11.0,7.4,0,0,1,1,0,1,0,0
5.0,4.0,0,0,0,0,0,0,0,0
3.0,3.0,1,1,1,1,0,1,0,1
-6.0,-2.1000000000000005,0,1,1,1,0,1,0,1
-0.9999999999999996,2.0,1,1,0,0,1,0,1,1
-18.0,12.0,1,1,0,0,0,0,1,1
-8.0,-10.0,0,0,0,0,1,0,0,0
1.0,10.0,1,1,1,1,1,0,0,1
20.0,-2.0,0,0,0,0,1,0,0,0
22.0,8.0,0,0,0,0,0,1,0,0
24.0,8.3,0,0,0,0,0,0,0,0
4.0,13.100000000000001,1,1,1,1,1,0,0,1
11.0,-1.0,0,0,0,0,1,1,0,0
16.0,-1.0,0,0,1,1,1,1,0,0
2.0,-1.7999999999999998,0,0,1,1,1,1,0,0
19.0,2.0,0,0,1,1,1,0,0,0
-3.9999999999999996,-11.0,0,0,1,0,1,1,1,0
17.0,14.2,0,0,1,0,1,0,1,0
-5.0,5.4,1,1,1,1,0,0,1,1
-11.0,8.0,1,1,1,1,0,0,1,1
33.99999999999999,13.0,0,0,0,0,0,0,1,0
-5.0,-8.0,0,0,0,0,1,0,0,0
-9.0,-7.8,1,1,1,1,0,1,1,1
-10.0,-5.3,1,1,0,0,0,0,1,1
20.0,7.0,0,0,1,1,0,0,1,0
8.0,7.0,0,0,0,0,0,0,0,0
7.0,5.9,0,0,0,0,1,1,0,0
3.0,-2.0,0,0,1,1,1,1,1,0
10.0,-1.0,0,0,0,0,0,1,0,0
6.0,-1.0,0,0,1,1,1,1,0,0
13.0,17.0,1,1,1,1,0,1,0,1
11.0,-0.2999999999999998,0,0,1,1,1,1,1,1
7.0,2.4,0,0,1,1,1,0,0,0
-15.000000000000002,-8.0,1,1,1,1,0,1,0,1
12.0,2.3,0,0,1,1,1,1,0,0
7.0,6.8,0,0,0,0,0,0,0,0
-3.9999999999999996,4.8,1,1,0,0,1,0,0,1
14.0,-1.0,0,0,1,1,1,1,1,0
-3.9999999999999996,-7.500000000000001,0,0,1,0,1,0,1,0
-26.0,5.2,1,1,1,1,1,0,0,1
-11.0,0.7999999999999998,1,1,1,0,0,0,1,1
3.0,11.0,1,1,1,1,0,0,0,1
8.0,6.0,0,0,1,1,1,0,0,0
22.0,11.8,0,0,1,1,0,0,1,0
-3.9999999999999996,6.2,1,1,0,1,0,0,0,1
-15.000000000000002,4.0,1,1,1,1,0,1,1,1
-8.0,2.0,1,1,0,0,0,1,0,1
13.0,6.0,0,0,0,0,1,0,0,0
11.0,15.0,1,1,0,0,1,1,0,1
-1.9999999999999996,-2.1000000000000005,0,0,0,1,0,1,0,0
13.0,4.0,0,0,0,0,1,0,0,0
45.0,14.0,0,0,1,1,0,1,1,0
-29.999999999999996,-5.3,1,1,1,1,1,1,1,1
20.0,-0.7999999999999998,0,0,0,0,0,1,0,0
-10.0,-4.0,1,1,0,0,0,0,0,1
13.0,12.0,0,0,1,1,0,1,1,0
7.0,-5.000000000000001,0,0,0,0,1,0,1,0
1.0,1.0,1,1,1,1,1,0,1,1
-9.0,-1.1000000000000005,1,1,0,0,0,0,1,1
31.0,2.1,0,0,1,1,1,1,0,0
7.0,6.0,0,0,0,0,1,0,0,0
-1.9999999999999996,3.0,1,1,1,1,0,0,1,1
2.0,5.0,1,1,0,1,0,0,1,1
10.0,8.0,0,0,0,0,1,1,0,0
17.0,7.9,0,0,0,0,1,1,1,0
-6.0,-3.0,1,1,0,0,0,0,0,1
-6.0,3.2,1,1,0,0,0,0,1,1
-2.9999999999999996,-1.7000000000000002,1,1,1,1,0,1,1,1
-1.9999999999999996,0.8999999999999999,0,1,1,1,1,0,0,1
29.999999999999996,12.2,0,0,1,1,1,1,1,0
12.0,15.0,1,1,0,0,0,1,0,1
-15.000000000000002,-3.0,1,1,0,0,1,1,1,1
4.0,8.2,1,1,1,1,1,0,1,1
7.0,4.0,0,0,1,0,1,1,0,0
5.0,-1.0,0,0,0,0,0,1,0,0
-11.999999999999998,5.9,1,1,1,1,0,1,1,1
-10.0,4.0,1,1,1,1,0,0,1,1
11.0,6.2,0,0,0,0,1,1,1,0
-14.000000000000002,-6.099999999999999,1,1,1,0,0,1,0,1
-0.9999999999999996,6.0,1,1,0,0,0,0,1,1
-8.0,4.0,1,1,1,1,0,0,1,1
-11.0,-1.5,1,1,1,1,1,1,1,1
-0.9999999999999996,8.0,1,1,1,1,1,0,0,1
5.0,-2.0,0,0,0,1,1,1,1,0
8.0,5.9,0,0,0,0,0,0,0,0
-16.0,-13.099999999999998,1,1,1,1,0,0,0,1
11.0,4.0,0,0,0,0,1,1,0,0
-7.0,-1.0,1,1,0,0,0,0,0,1
-5.0,5.0,1,1,1,1,1,0,0,1
-20.0,-1.7999999999999998,1,1,0,0,0,0,0,1
-1.9999999999999996,3.6,1,1,1,1,0,1,0,1
20.0,16.1,0,0,0,0,0,0,1,0
12.0,4.0,0,0,0,0,1,1,0,0
-6.0,-7.2,0,0,0,1,1,0,0,0
4.0,4.6,1,1,1,1,0,1,1,1
19.0,4.0,0,0,0,0,0,0,0,0
-6.0,-0.2999999999999998,1,1,0,0,0,0,0,0
7.0,5.9,0,0,0,0,0,0,0,0
27.0,3.0,0,0,1,1,1,0,0,0
-3.9999999999999996,4.8,1,1,1,1,1,1,1,1
-0.9999999999999996,5.8,1,1,0,0,0,1,1,1
6.0,-3.1000000000000005,0,0,0,0,1,1,1,0
12.0,3.9,1,0,0,0,1,1,1,1
-5.0,-1.8999999999999995,1,1,0,0,0,0,0,0
1.0,-3.2,0,0,0,1,1,1,1,0
19.0,8.5,0,0,1,0,1,1,1,0
9.0,-2.2,1,0,0,1,1,1,1,0
2.0,-6.3,0,0,1,1,1,1,1,0
5.0,3.0,0,0,1,1,0,1,0,0
-3.9999999999999996,-4.1,0,0,1,1,1,0,0,0
16.0,12.100000000000001,0,0,1,1,1,1,1,0
7.0,4.0,0,0,1,0,1,1,0,0
14.0,-1.7999999999999998,0,0,0,0,1,0,0,0
5.0,2.0,0,0,1,1,1,1,0,0
-3.9999999999999996,-8.0,0,0,1,1,1,0,1,0
2.0,8.4,1,1,1,1,1,0,1,1
10.0,-3.0,0,0,0,0,1,1,0,0
16.0,5.2,0,0,1,0,1,0,1,0
-1.9999999999999996,-5.099999999999999,0,0,1,1,1,1,0,0
-11.999999999999998,-4.1,1,1,0,0,1,0,0,1
-16.0,-4.7,1,1,0,0,0,1,0,1
10.0,7.0,0,0,1,1,1,0,0,0
10.0,9.1,0,0,1,1,1,1,1,0
6.0,4.0,0,0,0,1,0,1,0,0
-19.0,-4.0,1,1,0,0,0,0,1,1
2.0,9.0,1,1,1,1,1,0,1,1
4.0,5.0,1,1,1,1,1,0,1,1
21.0,11.0,0,0,1,0,1,1,1,0
2.0,4.0,1,1,1,1,0,0,1,1
4.0,-0.3999999999999999,0,0,1,0,1,0,1,1
13.0,1.8,0,0,1,1,1,1,0,0
-25.0,3.0,1,1,0,0,0,0,1,1
33.99999999999999,1.0,0,0,1,0,0,1,1,0
9.0,6.0,0,0,0,1,1,0,0,0
17.0,14.0,0,0,1,0,0,1,0,0
8.0,-8.099999999999998,0,0,0,0,0,0,0,0
6.0,6.0,1,1,1,1,0,0,1,1
-11.999999999999998,3.9,1,1,1,1,0,0,1,1
3.0,9.0,1,1,1,1,0,1,1,1
16.0,9.8,0,0,0,1,1,1,1,0
9.0,18.1,1,1,1,1,0,0,0,1
12.0,3.0,0,0,1,1,1,0,0,0
23.0,7.0,0,0,0,0,0,0,0,0
-1.9999999999999996,9.8,1,1,1,1,0,1,1,1
7.0,2.1,0,0,1,0,1,1,1,0
24.0,10.2,0,0,0,0,1,0,1,0
10.0,4.0,0,0,0,1,1,0,0,0
17.0,0.7000000000000002,0,0,0,0,1,1,0,0
5.0,11.0,1,1,0,0,0,0,1,1
-20.0,3.0,1,1,0,0,1,0,0,1
-11.999999999999998,-0.7999999999999998,1,1,0,0,0,0,1,1
7.0,12.100000000000001,1,1,0,1,1,1,0,1
-14.000000000000002,-1.7999999999999998,1,1,0,0,0,0,0,0
26.0,9.0,0,0,0,1,1,0,0,0
-6.0,6.0,0,1,0,1,1,1,0,1
-9.0,-7.8999999999999995,0,1,0,0,0,0,0,0
2.0,-5.000000000000001,1,0,1,1,1,1,1,1
-9.0,-6.000000000000001,0,1,0,0,0,0,0,0
13.0,6.0,1,0,1,0,1,1,1,1
11.0,4.1,0,0,1,0,0,0,0,1
8.0,9.0,1,1,1,1,0,1,1,1
4.0,1.4,1,0,0,0,0,0,0,1
10.0,7.1,1,0,0,0,0,0,0,1
8.0,15.100000000000001,0,1,0,0,0,0,0,0
-11.999999999999998,-6.099999999999999,0,1,1,0,0,0,1,0
-11.999999999999998,3.8,0,1,1,1,1,1,1,0
7.0,-1.0,0,0,0,0,0,1,0,1
2.0,-4.4,0,0,0,0,1,1,0,0
11.0,5.0,0,0,1,1,1,0,0,0
9.0,5.0,0,0,0,0,0,0,0,0
28.0,5.8,1,0,1,1,1,0,0,1
8.0,0.8999999999999999,1,0,0,1,0,1,0,0
-7.0,3.7,0,1,1,1,0,1,1,0
14.0,-5.000000000000001,0,0,1,1,1,0,0,1
-5.0,5.0,1,1,1,1,1,1,1,1
-19.0,-2.0,1,1,0,1,1,0,1,1
9.0,-1.1000000000000005,1,0,1,1,1,1,0,1
8.0,16.0,1,1,0,0,0,0,0,1
-11.999999999999998,3.8,0,1,0,0,0,0,1,0
11.0,2.0,0,0,0,0,1,1,1,0
-5.0,7.6,0,1,1,1,1,1,1,0
-0.9999999999999996,-3.0,1,0,1,0,0,1,0,1
12.0,10.2,1,0,1,1,0,0,0,1
2.0,7.9,0,1,1,1,0,1,0,0
9.0,6.1,1,0,0,0,0,0,0,1
-7.0,5.1,1,1,0,1,1,1,1,0
-27.999999999999996,-7.000000000000001,0,1,0,0,1,1,0,0
8.0,4.2,1,0,0,0,0,1,1,1
-5.0,1.8,0,1,0,0,1,1,1,0
1.0,5.0,1,1,0,0,1,0,1,1
-8.0,-2.1000000000000005,0,1,1,1,0,0,0,0
-7.0,-5.000000000000001,1,1,0,0,1,0,0,0
-9.0,13.400000000000002,0,1,0,0,1,0,0,0
4.0,11.0,1,1,1,1,1,0,0,1
-5.0,5.0,0,1,1,1,1,1,0,0
7.0,4.4,1,0,0,0,0,1,0,1
27.0,2.1,1,0,1,1,0,0,0,1
-8.0,-13.0,1,0,1,1,1,0,0,1
15.0,8.0,1,0,0,0,1,1,1,1
9.0,6.0,0,0,1,1,0,1,1,1
14.0,6.699999999999999,1,0,0,0,0,0,1,1
-1.9999999999999996,-4.3,0,0,1,1,1,1,1,1
17.0,10.8,1,0,0,1,1,1,1,1
5.0,-1.0,1,0,1,1,1,1,1,1
-15.000000000000002,-1.1000000000000005,0,1,0,0,0,0,0,0
-3.9999999999999996,-8.099999999999998,1,0,1,1,1,1,1,1
16.0,2.2,1,0,1,1,0,1,1,1
-7.0,-2.0,0,1,1,0,1,0,0,0
-6.0,0.5,0,1,1,0,0,0,0,0
12.0,9.0,1,0,0,0,1,1,1,1
-11.0,-11.500000000000004,1,0,1,1,0,1,1,1
-0.9999999999999996,3.1,0,1,0,0,1,0,0,0
9.0,2.1,1,0,1,1,1,1,1,1
-10.0,0.8999999999999999,0,1,1,0,1,0,0,0
2.0,11.3,1,1,1,1,1,0,0,0
8.0,-0.7999999999999998,1,0,1,1,1,1,0,1
-21.0,-2.1000000000000005,0,1,1,1,1,1,1,0
-1.9999999999999996,9.900000000000002,0,1,0,0,0,0,0,0
7.0,8.8,0,1,0,0,0,1,1,0
6.0,3.0,0,0,0,1,0,0,0,1
12.0,14.100000000000001,1,1,0,0,0,0,0,0
8.0,5.0,0,0,0,0,0,0,0,1
-20.0,-8.099999999999998,0,1,1,1,1,1,1,0
9.0,10.0,1,1,0,0,1,1,1,1
8.0,4.1,1,0,1,1,1,1,0,1
14.0,-3.0,0,0,1,1,1,1,1,0
16.0,-5.000000000000001,1,0,1,1,1,1,0,1
9.0,5.0,0,0,0,1,1,1,1,0
1.0,-2.0,0,0,1,1,0,1,0,0
40.0,14.0,0,0,0,0,1,1,1,1
15.0,3.1,1,0,0,0,0,0,1,1
20.0,13.100000000000001,1,0,1,1,1,0,1,1
28.0,-4.1,1,0,1,1,1,1,0,1
-9.0,2.0,1,1,1,1,1,1,1,1
-5.0,-2.0,1,1,0,0,0,1,1,1
9.0,-4.8999999999999995,0,0,1,1,1,1,0,1
-1.9999999999999996,3.1,0,1,0,0,0,0,0,0
10.0,-2.0,0,0,1,1,1,1,1,0
33.0,11.0,0,0,0,1,0,1,1,0
8.0,7.1,1,0,1,0,1,0,1,1
19.0,15.100000000000001,1,0,1,1,1,1,1,1
-11.999999999999998,-6.099999999999999,0,1,0,0,0,0,0,0
-5.0,7.0,0,1,1,1,1,0,0,0
-6.0,7.0,0,1,1,1,1,0,0,0
8.0,3.0,1,0,0,0,0,1,1,1
16.0,11.0,0,0,1,1,1,1,1,0
16.0,10.0,1,0,1,1,0,1,1,0
7.0,11.100000000000001,0,1,1,1,1,0,0,0
3.0,-12.0,1,0,1,1,1,0,1,1
-3.9999999999999996,-1.2000000000000002,0,1,1,1,1,0,0,0
15.0,10.0,1,0,0,0,0,1,1,1
-5.0,-2.0,0,1,0,0,1,0,0,0
-3.9999999999999996,8.0,1,1,1,1,1,0,0,1
-25.0,-14.0,0,1,0,0,0,0,0,0
11.0,-0.5,1,0,1,0,0,1,1,1
13.0,4.0,1,0,1,1,0,1,1,1
3.0,5.0,1,1,0,1,1,1,1,1
13.0,5.3,0,0,1,1,1,0,0,1
-5.0,-6.000000000000001,0,0,1,1,1,1,0,0
10.0,5.1,0,0,1,1,0,0,0,1
-0.9999999999999996,-2.1000000000000005,1,0,0,0,0,1,0,1
22.0,8.0,0,0,0,0,0,0,0,0
19.0,3.2,0,0,0,0,0,0,0,1
35.0,9.0,1,0,1,1,0,0,0,1
-9.0,8.2,0,1,1,1,1,1,1,0
-6.0,-0.5999999999999996,0,1,1,1,1,1,1,0
-10.0,-8.0,1,1,0,0,0,1,1,0
8.0,12.0,1,1,1,1,0,1,1,1
6.0,-7.099999999999999,1,0,0,0,1,1,1,1
-0.9999999999999996,4.1,0,1,0,1,1,1,1,0
-11.0,8.4,0,1,1,1,0,1,0,0
3.0,2.0,0,0,1,0,0,0,0,1
23.0,-2.2,1,0,1,1,0,1,0,1
19.0,6.1,1,0,1,0,1,0,1,1
5.0,-5.8,0,0,1,1,1,1,1,1
20.0,5.4,1,0,1,1,1,1,0,1
-6.0,2.1,0,1,0,0,1,1,1,0
22.0,5.0,0,0,0,0,0,0,0,0
21.0,14.8,1,0,0,0,1,0,1,0
-2.9999999999999996,-1.0,0,1,0,0,0,0,1,0
15.0,11.100000000000001,0,0,0,0,0,1,1,1
4.0,1.3,1,0,0,1,0,0,0,1
14.0,13.0,1,0,1,0,0,1,1,1
-2.9999999999999996,-1.0,0,1,0,0,0,0,0,0
9.0,3.7,1,0,0,0,0,1,1,1
-5.0,-5.2,1,0,0,0,1,1,1,1
16.0,-3.2,1,0,1,1,1,1,1,1
16.0,8.0,0,0,0,0,1,0,1,0
-28.999999999999996,10.0,0,1,0,1,0,0,1,1
-17.0,-5.099999999999999,0,1,1,0,1,0,0,0
35.0,1.0,1,0,1,1,1,1,1,1
13.0,-3.3999999999999986,1,0,1,1,1,1,1,1
1.0,-2.0,0,0,1,1,1,1,1,0
17.0,10.0,1,0,1,1,0,1,1,1
-2.9999999999999996,3.5,0,1,1,1,1,0,0,0
9.0,6.8,1,0,0,0,1,1,1,1
1.0,2.0,1,1,0,0,0,0,0,1
-24.0,-0.2999999999999998,0,1,0,1,0,0,0,0
-3.9999999999999996,7.3,0,1,1,1,0,0,0,0
-1.9999999999999996,4.6,0,1,1,1,0,0,0,0
12.0,-1.8999999999999995,1,0,1,1,1,1,1,1
25.0,5.0,0,0,0,1,0,1,1,1
3.0,6.1,0,1,0,0,1,0,0,0
7.0,12.0,1,1,0,0,0,0,0,1
-20.0,-13.7,0,1,0,0,0,0,0,0
-11.999999999999998,12.0,0,1,0,0,0,0,0,1
49.0,6.0,0,0,1,1,1,1,1,0
3.0,3.1,1,1,0,0,0,0,0,0
-10.0,6.0,1,1,0,0,0,1,1,1
2.0,-9.899999999999999,1,0,0,0,0,0,0,1
-1.9999999999999996,5.0,1,1,1,0,1,1,1,1
-26.0,-8.099999999999998,0,1,1,1,1,0,1,0
-6.0,5.0,1,1,1,1,1,1,1,1
3.0,-11.099999999999998,1,0,1,1,1,1,0,1
-5.0,7.0,1,1,1,1,1,1,1,1
13.0,-4.3,1,0,1,1,0,1,0,1
-10.0,7.1,0,1,1,1,0,1,0,0
11.0,-4.1,0,0,1,1,0,1,0,0
10.0,1.8,1,0,1,1,1,0,0,1
-8.0,-2.8999999999999995,1,1,0,0,0,1,1,0
-0.9999999999999996,-1.1000000000000005,0,0,0,0,0,1,0,0
-1.9999999999999996,2.1,0,1,1,1,1,0,0,0
15.0,0.7000000000000002,1,0,0,0,0,1,0,1
-10.0,-9.099999999999998,0,1,0,0,0,0,1,0
-3.9999999999999996,10.400000000000002,0,1,0,0,0,0,0,0
-2.9999999999999996,-2.1000000000000005,0,1,1,1,1,1,1,0
8.0,2.8,0,0,0,0,0,0,0,0
7.0,8.0,1,1,1,1,0,1,1,1
-9.0,-1.1000000000000005,0,1,1,1,1,0,1,0
11.0,-4.0,0,0,1,1,1,1,1,1
2.0,5.0,1,1,1,1,1,0,0,1
-5.0,11.0,1,1,1,1,1,0,0,1
-5.0,-1.1000000000000005,0,1,0,1,0,0,1,0
-6.0,3.0,1,1,1,1,1,1,1,1
8.0,14.0,1,1,0,1,1,0,0,1
11.0,9.0,1,0,1,1,1,1,0,1
7.0,6.8,1,0,0,1,1,0,0,0
4.0,4.0,0,1,1,1,0,0,0,0
29.999999999999996,7.0,0,0,0,0,0,0,1,0
3.0,-1.0,1,0,1,1,1,1,1,1
-11.999999999999998,7.0,1,1,1,1,1,0,0,1
16.0,-7.000000000000001,1,0,0,1,1,1,1,1
3.0,0.8999999999999999,1,0,0,0,0,1,1,1
-5.0,-6.8999999999999995,0,0,1,1,1,1,1,1
16.0,5.4,1,0,1,1,1,1,1,1
8.0,17.0,1,1,0,0,1,0,0,1
-26.0,3.0,0,1,0,0,1,0,0,0
-7.0,7.0,0,1,1,1,0,0,0,1
46.0,13.0,1,0,1,1,1,1,1,1
13.0,-3.0,0,0,1,1,0,1,1,1
20.0,10.8,0,0,1,1,1,0,1,0
-2.9999999999999996,7.0,1,1,1,1,0,1,0,1
-11.0,3.1,1,1,1,1,1,0,0,0
-3.9999999999999996,2.0,0,1,0,0,0,0,0,0
3.0,6.0,0,1,0,0,1,0,0,0
16.0,7.6,1,0,0,0,1,1,1,1
19.0,-3.0,1,0,1,1,1,1,1,1
-1.9999999999999996,-6.099999999999999,1,0,0,0,0,1,1,1
13.0,6.8,1,0,0,1,0,1,1,1
-3.9999999999999996,11.8,0,1,0,0,0,0,0,0
-13.000000000000002,-0.2999999999999998,0,1,1,1,1,0,0,0
-0.9999999999999996,11.0,0,1,1,1,1,0,0,1
8.0,7.2,0,0,0,0,0,0,0,0
6.0,8.0,1,1,1,1,0,0,1,1
4.0,5.1,1,1,0,0,1,1,1,0
3.0,-2.8999999999999995,0,0,1,1,0,0,0,1
-19.0,-3.8,1,1,1,1,1,0,1,0
7.0,-4.1,1,0,1,1,1,1,0,0
4.0,0.0,1,0,1,0,0,0,0,1
2.0,7.0,1,1,1,1,1,1,1,1
14.0,9.0,1,0,0,0,0,1,1,1
22.0,12.0,1,0,1,1,1,1,1,0
17.0,3.8,1,0,0,0,0,1,0,0
16.0,8.0,0,0,0,0,0,0,0,0
-10.0,-2.2,1,1,1,1,0,1,1,1
23.0,1.1,0,0,1,1,1,1,1,1
-27.999999999999996,2.2,0,1,1,1,1,1,1,0
16.0,7.7,1,0,0,0,0,1,1,0
5.0,6.0,1,1,0,0,1,0,0,1
18.0,7.0,0,0,0,0,1,1,0,0
-5.0,-2.5,1,1,0,1,1,1,1,0
28.0,6.1,0,0,1,0,0,0,0,1
20.0,7.0,0,0,0,0,0,0,0,0
-20.0,-4.0,1,1,1,1,1,1,1,0
15.0,15.0,1,1,0,0,0,1,0,1
-10.0,-2.1000000000000005,1,1,1,1,1,0,1,1
8.0,10.2,1,1,0,0,1,0,0,0
-5.0,9.0,0,1,1,1,1,0,0,0
-13.000000000000002,-7.3,0,1,1,1,0,0,0,0
16.0,17.0,1,1,1,1,1,0,0,1
4.0,9.7,0,1,0,0,0,0,0,0
8.0,4.0,0,0,0,0,0,0,0,0
-1.9999999999999996,4.0,1,1,0,0,0,0,1,1
6.0,11.0,1,1,0,0,1,0,0,1
4.0,2.8,1,0,0,0,0,1,1,1
-3.9999999999999996,6.0,1,1,0,0,1,0,0,1
12.0,-1.0,1,0,1,0,0,1,0,1
-9.0,-6.099999999999999,0,1,1,1,0,1,1,0
8.0,-5.099999999999999,0,0,1,1,1,1,1,0
3.0,-11.8,1,0,1,1,0,1,1,1
-8.0,4.0,1,1,0,0,1,0,0,1
24.0,13.0,1,0,1,0,0,1,1,1
23.0,9.0,0,0,0,0,1,1,1,0
7.0,8.0,1,1,0,0,0,0,0,1
21.0,2.8,1,0,0,0,0,1,1,1
-7.0,-4.0,0,1,1,0,0,0,0,0
14.0,6.1,1,0,1,1,0,1,1,1
27.0,7.0,0,0,0,0,1,0,1,0
-25.0,-1.1000000000000005,0,1,0,0,0,0,0,1
5.0,5.9,0,1,0,0,1,0,0,0
6.0,4.4,1,0,0,0,0,1,1,1
-8.0,-6.099999999999999,0,1,0,0,0,0,0,0
-14.000000000000002,5.0,1,1,1,1,1,1,1,1
3.0,5.0,1,1,1,1,1,1,1,1
-5.0,4.0,1,1,1,1,1,1,1,1
-25.0,0.0,0,1,1,1,1,1,1,0
5.0,5.6,1,1,1,1,1,1,1,1
15.0,0.7999999999999998,1,0,0,0,0,0,0,0
23.0,2.4,0,0,0,0,0,0,0,0
9.0,6.6,1,0,0,0,0,0,0,0
17.0,8.6,0,0,0,0,0,1,0,0
-5.0,-1.0,1,1,0,0,0,1,1,0
-1.9999999999999996,0.8999999999999999,1,1,1,1,1,1,1,1
24.0,11.900000000000002,1,0,1,1,0,0,1,0
4.0,10.0,1,1,0,0,1,1,1,1
-0.9999999999999996,-2.3,0,0,1,1,1,0,0,0
-3.9999999999999996,-0.7999999999999998,1,1,0,1,0,0,0,0
11.0,3.7,1,0,0,0,0,1,0,1
16.0,-8.099999999999998,1,0,1,1,1,0,0,1
-8.0,-12.0,0,0,1,1,1,1,0,0
-33.0,-3.1000000000000005,0,1,1,1,0,0,1,0
3.0,-3.0,0,0,1,1,0,0,0,0
-15.000000000000002,-3.1000000000000005,0,1,1,1,1,1,1,0
19.0,6.0,0,0,0,0,0,0,0,0
19.0,7.0,0,0,0,0,0,0,0,0
-18.0,4.0,1,1,1,1,1,1,1,1
-3.9999999999999996,-10.0,0,0,0,0,1,1,0,1
31.0,18.2,1,0,0,0,1,0,1,1
-0.9999999999999996,6.4,1,1,0,0,1,1,1,1
-9.0,2.9,0,1,0,1,1,0,0,1
7.0,-2.1000000000000005,0,0,0,0,0,1,1,0
9.0,1.0,1,0,1,1,1,1,1,1
-11.999999999999998,-2.2,1,1,0,0,0,0,0,1
1.0,-1.6000000000000005,1,0,1,0,0,1,1,1
-8.0,5.5,1,1,0,1,1,0,1,0
5.0,5.4,0,1,0,0,1,0,0,0
-16.0,5.0,1,1,0,0,1,1,0,1
18.0,-3.1000000000000005,0,0,1,0,1,1,1,0
-8.0,1.8,0,1,0,0,0,0,0,1
-9.0,-5.2,0,1,0,0,0,0,0,0
-15.000000000000002,-7.7,0,1,1,0,0,0,0,0
-11.0,-4.5,0,1,0,0,0,0,0,0
32.0,6.1,0,0,1,1,0,1,1,1
-8.0,6.0,1,1,0,0,0,0,0,1
-16.0,6.0,1,1,0,0,1,0,0,1
8.0,-2.3,0,0,1,1,1,0,1,0
16.0,11.3,1,0,0,0,0,1,1,1
-5.0,2.0,1,1,1,1,0,0,0,1
31.0,16.0,1,0,1,1,1,1,1,0
-16.0,-8.0,0,1,0,0,0,0,0,0
4.0,-9.099999999999998,1,0,1,0,0,1,1,1
-0.9999999999999996,6.4,0,1,1,1,1,1,0,0
28.0,7.0,0,0,0,1,1,0,1,0
6.0,4.0,0,0,1,1,0,1,1,0
-9.0,-8.099999999999998,1,1,1,1,0,0,1,1
13.0,2.2,0,0,0,0,1,0,0,1
22.0,-11.8,1,0,0,0,1,0,0,1
-3.9999999999999996,-5.000000000000001,0,0,1,0,0,0,0,1
-16.0,8.0,1,1,1,1,0,1,0,1
-1.9999999999999996,3.0,1,1,1,1,1,1,1,1
-9.0,7.5,1,1,0,0,0,1,1,1
22.0,5.5,1,0,1,1,1,0,0,1
-6.0,7.8,1,1,1,1,0,0,1,1
-13.000000000000002,-1.7000000000000002,1,1,1,1,0,1,1,1
-5.0,2.0,1,1,1,1,0,1,1,1
-0.9999999999999996,2.0,1,1,1,1,1,1,1,1
11.0,-4.1,1,0,1,1,1,0,0,1
-8.0,-3.7,0,1,0,0,0,0,1,1
-13.000000000000002,6.0,1,1,0,0,0,0,1,1
23.0,8.5,0,0,0,0,1,0,1,0
36.0,4.0,0,0,1,1,0,0,0,0
9.0,6.0,0,0,1,0,1,1,1,0
-3.9999999999999996,8.0,1,1,1,1,0,1,0,1
15.0,3.1,0,0,0,0,1,1,1,1
8.0,9.7,0,1,0,0,0,1,1,1
-27.999999999999996,-10.0,1,1,1,1,0,0,1,1
23.0,18.7,1,0,0,0,1,1,1,0
7.0,4.0,0,0,0,0,1,0,0,0
11.0,7.0,0,0,0,0,1,0,0,0
-3.9999999999999996,-5.000000000000001,0,0,1,1,1,1,0,0
-8.0,10.0,0,1,0,0,0,0,0,1
5.0,6.0,1,1,0,0,0,1,1,1
-13.000000000000002,-2.5,0,1,0,0,0,0,0,0
1.0,-1.1000000000000005,1,0,1,1,1,1,1,1
16.0,-6.099999999999999,1,0,1,1,1,1,0,1
10.0,13.100000000000001,0,1,0,0,0,0,0,0
6.0,5.0,0,0,0,0,1,0,0,0
-9.0,-2.0,1,1,0,1,1,1,1,1
15.0,10.1,0,0,1,1,1,1,1,1
-29.999999999999996,-3.1000000000000005,0,1,1,1,0,0,0,0
-8.0,-2.2,0,1,1,0,0,0,0,0
-14.000000000000002,-3.0,1,1,1,1,0,0,0,0
8.0,-8.899999999999999,0,0,0,0,1,1,1,1
17.0,10.0,1,0,1,1,1,1,1,0
13.0,3.9,0,0,1,1,1,0,0,0
20.0,10.0,0,0,1,1,0,1,0,0
10.0,-0.5,1,0,0,0,1,1,1,1
-18.0,2.7,0,1,1,1,0,1,0,0
7.0,5.7,1,0,1,1,1,1,1,0
10.0,1.3,1,0,0,1,1,1,1,1
-18.0,6.0,1,1,0,1,0,0,0,1
19.0,-3.8,0,0,0,1,1,1,1,1
17.0,20.9,0,1,0,1,1,0,0,1
13.0,-2.0,0,0,0,0,0,1,1,0
12.0,12.3,0,1,0,0,0,0,0,0
-14.000000000000002,-3.6000000000000005,0,1,1,1,1,0,0,0
18.0,4.1,0,0,0,0,0,0,1,1
1.0,6.2,1,1,0,0,0,0,0,0
8.0,6.1,1,0,1,1,1,1,1,1
-21.0,-12.0,0,1,0,0,0,0,0,0
-10.0,2.1,0,1,0,0,0,1,0,0
-7.0,1.9,0,1,0,1,0,0,0,0
3.0,10.7,0,1,0,0,0,0,0,1
6.0,5.0,1,0,1,1,0,1,1,0
4.0,6.0,1,1,0,0,0,0,0,1
-6.0,-2.1000000000000005,0,1,0,1,0,0,0,0
-16.0,4.2,1,1,0,1,0,0,1,0
7.0,-0.19999999999999973,0,0,0,0,0,0,0,1
-11.0,-14.0,0,0,1,1,1,1,0,0
7.0,9.399999999999999,1,1,0,0,1,0,0,1
-0.9999999999999996,-3.1000000000000005,1,0,0,0,1,0,0,0
-14.000000000000002,-4.0,1,1,1,1,0,1,1,1
-9.0,9.8,0,1,0,0,0,0,0,1
18.0,9.0,0,0,1,1,1,0,0,0
4.0,-7.000000000000001,1,0,0,0,1,0,0,1
7.0,4.0,0,0,0,0,0,0,0,0
3.0,-2.0,1,0,0,0,1,1,0,1
-18.0,2.1,1,1,1,1,0,1,1,0
-5.0,-5.000000000000001,0,0,1,1,1,1,0,0
-9.0,2.1,1,1,1,1,1,1,1,0
23.0,2.0,0,0,0,0,1,0,0,0
-11.0,2.0,1,1,1,1,1,1,1,1
4.0,1.3,1,0,1,1,1,0,0,1
5.0,6.0,1,1,0,0,0,1,1,1
27.0,9.0,0,0,0,0,1,1,0,0
-11.999999999999998,4.0,1,1,1,1,0,1,1,1
-27.000000000000004,6.0,1,1,0,0,0,1,1,1
-19.0,2.0,1,1,0,0,0,0,0,1
1.0,9.8,0,1,0,0,1,0,0,1
-9.0,4.0,1,1,1,1,0,0,0,1
7.0,-7.2,1,0,0,0,1,1,1,1
17.0,-3.5,0,0,0,0,1,1,0,0
5.0,-1.0,0,0,0,0,0,1,1,0
11.0,-5.099999999999999,1,0,0,0,1,1,1,1
4.0,-2.1000000000000005,0,0,0,0,1,1,1,0
-8.0,5.0,1,1,1,1,1,1,0,1
11.0,-4.6,0,0,1,0,0,0,0,0
-2.9999999999999996,-5.8999999999999995,1,0,1,1,1,1,1,1
7.0,-5.000000000000001,0,0,1,1,1,1,1,0
-5.0,-2.2,0,1,1,1,0,0,0,0
-20.0,-7.099999999999999,0,1,0,0,0,1,1,0
15.0,12.100000000000001,0,0,0,1,0,1,1,0
3.0,-1.6000000000000005,0,0,1,1,1,0,1,0
-10.0,5.1,1,1,1,1,0,0,0,0
28.0,8.0,0,0,1,1,1,1,1,0
-10.0,-3.0,1,1,0,0,0,0,0,0
7.0,7.1,0,1,1,0,0,1,0,0
15.0,8.0,1,0,1,1,1,1,1,1
-29.999999999999996,-5.000000000000001,1,1,1,1,0,1,1,1
14.0,10.6,0,0,1,1,0,1,0,0
7.0,0.7000000000000002,1,0,1,1,0,1,1,1
3.0,-4.1,0,0,1,0,1,1,1,0
1.0,12.100000000000001,1,1,0,0,0,0,0,0
-7.0,-10.099999999999998,1,0,0,0,1,1,1,1
-0.9999999999999996,3.0,1,1,1,1,1,1,0,1
-0.9999999999999996,-10.0,0,0,1,0,1,0,0,1
15.0,0.7999999999999998,1,0,1,0,0,1,1,0
-8.0,-6.099999999999999,0,1,0,0,0,0,0,0
14.0,6.0,0,0,1,1,0,0,0,0
12.0,10.0,0,0,1,1,1,0,0,0
2.0,3.0,1,1,1,1,0,0,0,0
5.0,5.0,1,1,0,0,0,0,1,1
-13.000000000000002,10.6,1,1,0,0,1,1,1,1
-8.0,-5.3,0,1,1,1,0,1,1,0
-8.0,3.0,1,1,1,1,1,1,1,1
14.0,7.0,0,0,1,1,1,0,1,0
-14.000000000000002,-5.000000000000001,1,1,0,1,1,1,1,1
-8.0,9.399999999999999,1,1,0,0,0,0,1,1
12.0,4.0,0,0,1,1,1,0,0,0
11.0,9.0,0,0,0,0,0,0,0,0
-3.9999999999999996,-5.000000000000001,0,0,1,1,1,0,0,0
-5.0,6.699999999999999,0,1,1,1,1,1,1,1
-13.000000000000002,7.2,0,1,1,1,0,0,0,0
-7.0,3.0,1,1,1,1,1,1,1,1
10.0,11.100000000000001,0,1,1,0,1,0,0,0
-7.0,8.1,0,1,0,0,0,0,0,0
11.0,6.0,0,0,1,1,0,0,0,0
16.0,-3.1000000000000005,0,0,0,0,1,0,0,0
17.0,4.0,0,0,0,0,1,0,0,0
7.0,-0.10000000000000009,0,0,1,0,1,0,0,0
7.0,4.0,0,0,1,1,1,0,0,0
5.0,9.8,1,1,1,0,1,0,1,1
-10.0,-1.7999999999999998,1,1,0,0,0,0,0,0
-16.0,2.0,1,1,1,1,0,0,0,1
-11.999999999999998,6.1,1,1,0,1,0,1,1,1
6.0,9.1,1,1,0,0,0,0,0,1
10.0,-2.1000000000000005,1,0,0,0,1,1,1,1
5.0,-4.1,1,0,1,1,0,1,0,0
20.0,-2.1000000000000005,1,0,0,0,1,1,1,0
40.0,9.0,0,0,0,0,1,1,0,0
14.0,1.4,0,0,0,0,1,1,1,1
1.0,-5.099999999999999,0,0,1,1,1,1,1,0
6.0,3.0,0,0,0,0,1,0,1,0
9.0,9.8,1,1,1,0,1,0,1,1
-8.0,-8.0,1,1,0,1,0,0,0,0
-21.0,-6.000000000000001,1,1,0,0,1,0,0,0
12.0,14.0,1,1,0,0,0,0,0,1
-17.0,6.0,1,1,0,1,1,1,0,1
20.0,6.0,0,0,1,1,1,0,1,0
7.0,3.0,0,0,0,0,0,1,1,0
8.0,4.0,1,0,1,0,1,1,1,1
22.0,10.3,1,0,1,1,1,1,1,1
-11.999999999999998,-8.099999999999998,1,1,0,1,0,0,1,1
-0.9999999999999996,4.3,1,1,1,1,0,0,0,0
15.0,6.0,0,0,1,1,0,0,1,0
-13.000000000000002,-5.000000000000001,1,1,0,0,1,0,0,0
-2.9999999999999996,3.0,1,1,1,1,1,0,0,1
-1.9999999999999996,5.1,1,1,1,1,0,1,0,1
8.0,0.7999999999999998,1,0,1,0,1,1,1,0
20.0,7.0,0,0,0,1,1,1,1,0
-1.9999999999999996,4.6,1,1,0,0,0,0,0,1
4.0,6.0,1,1,0,0,1,1,0,1
5.0,6.9,0,1,1,1,0,0,0,0
-9.0,-2.0,1,1,0,0,1,0,0,1
15.0,2.0,0,0,0,0,1,0,0,0
-6.0,7.0,1,1,0,0,1,1,1,1
5.0,-1.2000000000000002,0,0,0,0,1,0,0,0
20.0,4.0,0,0,0,0,0,1,0,0
6.0,1.8,0,0,0,1,1,0,0,0
22.0,4.6,0,0,1,1,1,0,0,0
28.0,12.8,0,0,1,1,0,1,0,0
8.0,7.0,0,0,1,1,1,1,0,0
2.0,17.0,1,1,1,1,1,1,0,1
-18.0,-6.099999999999999,1,1,0,0,0,0,1,1
6.0,-3.0,0,0,1,1,1,0,0,0
23.0,3.2,0,0,0,0,0,0,0,0
32.0,7.0,0,0,0,0,1,1,0,0
-0.9999999999999996,7.1,1,1,0,0,1,0,0,1
-14.000000000000002,-2.8,1,1,0,1,0,1,1,0
21.0,2.9,0,0,0,0,1,0,0,0
8.0,6.0,0,0,1,1,0,1,0,0
-5.0,7.0,1,1,0,0,0,1,1,1
-7.0,-2.0,1,1,0,0,0,1,1,1
-3.9999999999999996,11.0,1,1,0,1,1,0,0,1
39.0,17.0,0,0,1,1,0,1,1,0
-6.0,5.4,1,1,0,0,0,1,1,1
13.0,5.3,0,0,1,1,1,0,0,0
-11.0,5.0,1,1,0,1,1,1,1,1
15.0,5.5,0,0,1,1,1,1,1,0
29.999999999999996,14.0,0,0,0,0,0,0,0,0
8.0,8.0,1,1,0,0,0,0,0,1
-11.999999999999998,4.0,1,1,1,1,0,1,0,1
-21.0,2.0,1,1,1,1,1,0,0,1
18.0,4.0,0,0,1,1,1,0,0,0
5.0,7.0,1,1,0,0,0,1,0,1
-2.9999999999999996,-8.2,0,0,1,1,1,1,0,0
-6.0,2.0,1,1,0,1,1,1,1,1
42.0,-5.000000000000001,0,0,0,1,1,0,0,0
-3.9999999999999996,-7.500000000000001,0,0,1,1,1,1,0,1
-11.999999999999998,3.0,1,1,1,1,0,1,0,1
16.0,-6.099999999999999,1,0,1,1,1,1,1,1
29.999999999999996,13.2,0,0,1,1,1,1,1,0
5.0,4.0,0,0,0,0,1,1,1,0
9.0,-6.000000000000001,0,0,1,1,1,1,1,1
16.0,12.3,1,0,1,1,0,1,1,1
-3.9999999999999996,-2.0,1,1,0,0,0,0,0,1
-16.0,2.0,1,1,1,1,1,0,0,1
8.0,-3.3999999999999986,1,0,1,1,1,1,1,1
25.0,10.1,1,0,1,1,0,1,1,1
16.0,14.3,1,0,1,1,0,1,1,1
14.0,3.2,1,0,1,0,1,1,1,1
6.0,-5.000000000000001,0,0,1,1,1,1,1,0
-11.0,5.7,0,1,0,0,1,0,0,1
-5.0,-11.500000000000004,1,0,0,0,1,1,0,1
17.0,12.100000000000001,0,0,1,1,1,1,1,0
-7.0,-4.6,1,1,0,0,1,0,0,0
25.0,2.1,1,0,1,0,0,0,1,1
-16.0,-1.8999999999999995,0,1,0,1,0,1,0,0
9.0,10.8,1,1,0,0,1,0,0,1
3.0,5.4,1,1,0,0,0,1,1,1
7.0,-2.3,0,0,0,0,1,0,0,0
15.0,6.0,0,0,1,1,0,0,0,0
1.0,8.0,1,1,0,0,0,0,1,1
8.0,4.0,0,0,0,0,1,1,1,0
-7.0,-4.1,1,1,0,0,0,0,0,1
15.0,11.2,0,0,1,1,1,0,1,0
2.0,-5.099999999999999,0,0,1,1,1,1,0,0
13.0,2.6,0,0,0,0,1,0,0,0
-24.0,-9.8,1,1,0,0,0,0,1,0
-2.9999999999999996,3.6,1,1,1,1,1,1,1,1
2.0,7.0,1,1,0,0,1,1,0,1
-25.0,-4.6,1,1,0,0,0,0,0,1
7.0,12.0,1,1,0,0,0,0,0,1
13.0,-2.1000000000000005,1,0,0,0,1,0,0,0
25.0,11.100000000000001,0,0,1,1,1,1,1,1
-7.0,-4.1,1,1,0,0,0,1,1,1
-18.0,-5.099999999999999,1,1,0,0,0,0,1,1
4.0,7.3,1,1,0,0,0,0,0,1
9.0,6.1,0,0,1,1,1,1,1,0
22.0,-2.0,0,0,1,1,1,0,0,0
2.0,-5.000000000000001,0,0,1,1,1,0,1,0
7.0,7.7,0,1,0,0,0,0,0,0
-17.0,4.0,1,1,1,1,1,1,0,1
15.0,12.2,0,0,1,1,0,1,1,0
28.0,5.7,0,0,1,0,1,1,0,0
-10.0,6.0,1,1,0,0,0,1,0,1
14.0,18.2,0,1,1,1,1,1,0,1
10.0,8.0,1,0,0,0,0,1,1,0
21.0,10.1,0,0,1,1,0,1,1,1
-8.0,1.0,1,1,0,0,0,0,0,1
10.0,16.0,1,1,1,1,0,1,0,1
-7.0,-3.1000000000000005,1,1,1,1,0,0,0,1
3.0,7.0,1,1,1,1,0,0,0,1
28.0,-2.0,0,0,1,1,1,0,0,0
11.0,-6.099999999999999,0,0,1,1,1,1,0,0
8.0,14.100000000000001,0,1,1,1,1,0,0,0
12.0,6.0,0,0,0,0,0,1,1,0
-8.0,0.10000000000000009,0,1,0,0,1,0,0,0
-11.999999999999998,6.0,1,1,0,0,0,0,0,1
13.0,5.0,0,0,0,0,1,0,1,0
-16.0,-6.7,1,1,0,0,0,0,0,0
4.0,6.0,1,1,0,0,0,1,0,1
-0.9999999999999996,12.8,0,1,0,0,1,0,0,1
-25.0,7.0,1,1,1,1,1,0,0,1
14.0,12.900000000000002,0,0,0,0,1,0,1,0
-15.000000000000002,6.2,1,1,0,1,0,0,0,0
13.0,8.8,1,0,0,0,1,1,1,0
12.0,5.3,1,0,1,1,0,1,1,1
-15.000000000000002,6.0,1,1,0,0,0,0,0,1
12.0,11.0,1,0,1,1,1,1,1,0
8.0,5.8,0,0,1,1,1,1,1,0
-0.9999999999999996,-2.0,0,0,0,0,0,0,0,0
19.0,7.1,0,0,1,1,1,0,0,0
1.0,-6.8,0,0,1,1,1,1,0,1
29.0,5.0,0,0,0,0,1,0,0,0
14.0,-1.0,0,0,0,0,1,0,0,0
-7.0,1.0,0,1,0,1,1,1,0,0
-5.0,4.0,1,1,1,1,0,1,1,1
9.0,2.0,0,0,0,0,1,0,0,0
-11.0,-9.0,1,1,1,1,0,0,1,1
-10.0,3.7,1,1,0,0,1,1,1,1
-0.9999999999999996,4.0,1,1,1,1,0,1,1,1
4.0,9.3,1,1,1,1,0,1,1,1
-0.9999999999999996,-3.0,0,0,0,1,1,0,0,0
-11.999999999999998,4.1,0,1,0,0,0,0,0,0
-2.9999999999999996,7.0,1,1,0,0,0,0,0,1
-7.0,-2.1000000000000005,1,1,1,1,0,1,1,1
-29.999999999999996,-7.099999999999999,0,1,0,0,0,1,1,1
-3.9999999999999996,5.1,1,1,0,1,0,1,1,0
-17.0,-2.0,1,1,1,1,0,1,1,1
-8.0,-5.000000000000001,1,1,0,0,0,1,0,1
13.0,4.0,0,0,0,0,1,0,1,0
3.0,6.0,1,1,0,0,0,1,1,1
9.0,6.0,0,0,1,1,1,1,1,0
10.0,-1.1000000000000005,1,0,1,1,1,1,1,0
1.0,6.0,1,1,1,1,1,1,1,1
6.0,-5.3,1,0,1,1,0,1,0,0
15.0,11.0,0,0,0,0,0,0,0,0
-6.0,-10.0,0,0,1,0,1,1,0,0
11.0,5.0,0,0,0,0,1,0,1,0
9.0,3.0,0,0,0,0,1,0,1,0
7.0,2.5,1,0,0,0,1,1,1,0
-5.0,-3.0,0,1,1,0,0,0,0,0
17.0,12.0,0,0,1,1,1,0,1,0
8.0,2.0,0,0,0,0,1,0,1,0
-3.9999999999999996,10.0,1,1,0,0,1,0,0,1
1.0,10.0,1,1,1,1,0,1,1,1
28.0,11.0,0,0,1,0,0,1,0,0
9.0,8.6,1,0,1,1,1,1,1,1
3.0,7.0,1,1,1,1,0,0,0,1
13.0,11.0,0,0,0,0,1,1,1,0
-6.0,12.2,1,1,1,1,1,1,0,1
10.0,4.0,0,0,1,0,1,1,1,0
11.0,14.400000000000002,1,1,1,1,1,0,0,1
2.0,5.0,1,1,1,1,1,1,0,1
9.0,-3.0,0,0,1,1,0,1,1,0
-7.0,-7.000000000000001,0,0,1,1,0,1,1,0
24.0,9.1,1,0,1,1,1,1,1,1
-3.9999999999999996,6.0,1,1,0,0,0,0,0,1
-2.9999999999999996,3.2,1,1,0,0,1,1,0,1
-7.0,8.0,1,1,0,1,0,0,0,1
-11.999999999999998,5.0,1,1,1,1,1,1,0,1
5.0,-7.000000000000001,0,0,1,1,1,1,0,0
-16.0,-7.099999999999999,1,1,0,0,0,0,0,1
5.0,8.0,1,1,1,0,1,0,0,1
6.0,5.0,1,0,0,0,1,1,1,1
8.0,11.0,1,1,0,0,0,0,0,1
1.0,1.9,1,1,1,1,1,1,1,1
31.0,5.9,0,0,0,0,0,1,0,0
6.0,9.0,1,1,1,1,0,0,1,1
14.0,14.0,1,1,1,1,1,1,1,1
7.0,3.0,0,0,0,0,1,0,0,0
11.0,-2.0,0,0,0,0,1,0,0,0
-2.9999999999999996,3.0,1,1,1,0,0,1,1,1
-23.0,-2.0,1,1,1,1,1,1,1,1
18.0,3.0,0,0,0,0,1,0,1,0
20.0,10.9,0,0,0,0,0,0,0,0
9.0,-4.8999999999999995,0,0,1,0,1,0,0,0
19.0,6.0,0,0,1,1,0,1,1,0
-23.0,4.0,1,1,0,0,0,0,0,1
11.0,11.0,1,1,0,0,0,1,0,1
-2.9999999999999996,-2.8,1,1,1,1,0,1,0,1
6.0,7.0,1,1,1,1,0,0,0,1
-9.0,-8.3,1,1,0,0,0,0,0,1
-13.000000000000002,2.1,1,1,0,1,0,1,1,1
-7.0,13.0,1,1,1,1,1,0,0,1
-2.9999999999999996,-2.0,1,1,1,1,1,0,0,1
8.0,1.0,0,0,0,0,0,0,0,0
7.0,5.1,0,0,1,0,1,0,0,0
15.0,4.1,0,0,0,0,0,1,1,0
-2.9999999999999996,-6.000000000000001,0,0,1,1,1,1,1,0
-11.999999999999998,-5.599999999999999,1,1,0,0,0,1,1,1
7.0,-1.1000000000000005,0,0,1,1,1,0,1,0
-14.000000000000002,15.0,1,1,1,1,0,1,0,1
-5.0,10.7,0,1,0,0,0,0,0,1
21.0,-9.0,0,0,0,0,0,1,1,0
16.0,7.0,0,0,0,0,1,1,1,0
4.0,2.0,0,0,0,0,0,0,0,0
7.0,11.0,1,1,1,1,0,1,1,1
13.0,12.0,0,0,1,1,0,0,1,0
-13.000000000000002,4.7,1,1,1,0,1,0,0,1
2.0,4.0,1,1,1,1,0,1,0,1
-8.0,-7.000000000000001,1,1,1,1,1,1,0,1
22.0,17.0,0,0,0,0,0,0,1,0
-2.9999999999999996,3.1,1,1,0,0,1,1,0,0
-7.0,0.7000000000000002,0,1,0,0,0,0,0,1
1.0,-3.0,0,0,1,1,0,1,1,0
-11.0,1.1,0,1,1,1,0,0,0,0
-15.000000000000002,-4.4,1,1,0,0,1,1,0,1
15.0,2.0,0,0,0,0,1,0,1,0
-13.000000000000002,5.0,1,1,1,1,0,1,0,1
1.0,-4.8999999999999995,0,0,1,0,0,1,1,1
-7.0,-8.8,0,0,1,0,1,1,1,1
-0.9999999999999996,5.0,1,1,0,0,1,1,0,1
13.0,2.1,0,0,0,0,0,0,1,0
1.0,-6.000000000000001,0,0,1,1,1,1,0,0
-13.000000000000002,-8.8,1,1,0,0,0,0,0,0
10.0,6.0,0,0,1,0,0,0,0,0
9.0,10.2,1,1,0,1,1,1,0,1
-3.9999999999999996,5.0,1,1,0,0,0,1,0,1
47.0,8.0,0,0,1,1,0,0,0,0
3.0,10.3,1,1,0,0,0,0,0,1
1.0,-10.0,0,0,0,0,0,0,0,0
-6.0,10.1,1,1,0,0,0,0,0,1
29.0,9.0,0,0,1,1,1,1,1,0
-9.0,-8.0,1,1,1,1,0,1,1,1
-18.0,2.0,1,1,1,1,0,1,1,1
27.0,8.0,0,0,1,0,0,0,0,0
12.0,2.1,0,0,0,0,0,0,0,0
-1.9999999999999996,8.0,1,1,0,0,0,1,0,1
25.0,4.0,0,0,0,1,1,0,0,0
-15.000000000000002,-3.8,1,1,1,1,1,1,0,0
4.0,3.8,0,0,1,1,1,1,1,0
8.0,11.0,1,1,0,0,0,0,0,1
-6.0,6.0,1,1,0,1,1,1,1,1
18.0,14.900000000000002,0,0,0,1,1,0,1,0
1.0,3.2,1,1,0,0,1,1,1,1
18.0,13.2,0,0,0,0,1,0,1,0
39.0,14.100000000000001,0,0,0,0,1,0,1,0
-2.9999999999999996,6.1,1,1,1,1,1,0,0,1
-7.0,8.0,1,1,1,1,1,1,1,1
15.0,13.0,0,0,0,0,0,0,1,0
5.0,8.0,1,1,0,1,0,1,1,1
20.0,17.6,0,0,0,0,0,0,1,0
4.0,1.1,0,0,0,0,1,0,0,0
-14.000000000000002,7.3,1,1,1,1,1,0,1,0
29.0,9.0,0,0,0,0,0,0,0,0
-1.9999999999999996,5.2,1,1,0,0,0,1,1,0
1.0,9.0,1,1,1,1,1,0,1,1
7.0,5.2,1,0,0,0,0,1,0,1
-3.9999999999999996,6.4,0,1,0,0,1,0,1,0
31.0,7.0,0,0,0,1,0,1,0,0
12.0,15.0,1,1,0,0,1,0,0,1
14.0,10.2,0,0,0,0,1,0,0,1
6.0,9.0,1,1,0,1,1,1,1,1
8.0,9.0,1,1,0,0,0,0,0,1
-14.000000000000002,7.0,1,1,0,0,0,0,0,1
6.0,7.9,0,1,0,0,0,0,1,1
29.0,11.5,0,0,0,0,0,1,1,1
8.0,5.9,1,0,1,1,1,1,0,1
4.0,7.1,0,1,1,0,0,0,0,0
-5.0,-1.2000000000000002,0,1,0,0,0,0,0,0
11.0,-3.2,1,0,1,1,1,1,1,0
27.0,2.0,1,0,1,0,1,0,0,1
-17.0,-2.1000000000000005,0,1,1,1,1,1,1,0
-5.0,-1.2999999999999998,0,1,0,0,0,0,1,0
2.0,2.1,0,1,1,1,1,1,1,0
18.0,2.0,1,0,0,0,0,1,1,1
-6.0,-4.3,0,1,0,0,0,0,0,0
-11.0,2.0,0,1,0,0,1,0,0,0
2.0,-5.099999999999999,1,0,1,1,1,0,1,1
-9.0,-1.1000000000000005,0,1,0,0,0,1,0,0
-3.9999999999999996,-3.8,0,1,0,0,0,0,0,0
-3.9999999999999996,1.0,0,1,0,1,0,1,0,0
7.0,4.9,1,0,0,0,1,1,1,1
-25.0,-9.0,0,1,1,1,0,0,0,0
25.0,5.6,1,0,1,1,0,1,0,1
10.0,2.1,1,0,0,0,1,1,0,1
13.0,10.0,0,0,1,1,1,1,0,0
-3.9999999999999996,3.0,1,1,1,1,0,0,1,1
6.0,7.0,1,1,1,1,1,1,1,0
11.0,7.2,1,0,0,0,1,1,0,1
4.0,6.0,0,1,0,0,0,1,1,0
-2.9999999999999996,1.0,0,1,1,1,1,1,1,0
-7.0,-5.000000000000001,1,1,1,1,1,0,1,0
-16.0,3.0,0,1,1,1,1,1,0,0
-22.0,-3.1000000000000005,0,1,1,1,1,1,1,0
-5.0,5.0,1,1,1,1,0,0,0,0
12.0,4.0,0,0,0,0,1,1,0,0
-13.000000000000002,3.0,0,1,1,1,0,0,0,0
-27.000000000000004,6.0,1,1,0,0,1,1,1,1
11.0,6.699999999999999,0,0,0,0,0,0,0,0
12.0,13.0,1,1,0,0,0,0,1,1
10.0,5.0,0,0,0,0,0,1,0,1
22.0,7.0,0,0,0,0,0,1,0,0
25.0,5.5,1,0,1,1,1,1,1,0
27.0,5.1,1,0,1,1,1,1,1,1
11.0,13.600000000000001,1,1,0,0,0,0,0,0
-11.0,5.0,0,1,1,1,1,1,1,0
-21.0,-3.1000000000000005,0,1,0,0,0,0,0,0
-11.0,-6.2,0,1,1,1,0,1,0,0
-7.0,-7.000000000000001,1,0,0,0,1,0,1,1
21.0,5.0,1,0,0,0,0,0,1,1
19.0,5.0,1,0,0,0,0,0,1,1
-26.0,-8.399999999999999,0,1,1,1,0,0,0,0
3.0,5.0,1,1,0,0,0,0,1,1
22.0,4.0,0,0,0,0,1,1,0,0
-39.0,8.7,0,1,1,1,1,0,1,0
1.0,5.0,0,1,1,1,1,1,0,0
2.0,10.0,1,1,1,1,1,0,1,1
10.0,5.0,0,0,0,1,0,1,0,0
36.0,13.0,0,0,1,1,0,1,0,0
-13.000000000000002,-3.9000000000000004,0,1,0,0,1,1,1,0
-44.0,-5.099999999999999,0,1,1,0,0,0,0,0
-11.999999999999998,-9.099999999999998,0,1,0,1,0,1,0,0
-2.9999999999999996,15.8,0,1,0,0,0,0,0,0
-14.000000000000002,-11.099999999999998,0,1,0,0,0,0,0,0
13.0,15.100000000000001,1,1,0,0,0,0,0,1
-33.0,-9.7,0,1,0,0,0,1,1,0
22.0,7.1,0,0,0,0,0,1,0,0
19.0,9.0,0,0,0,0,0,1,1,1
-5.0,-3.1000000000000005,0,1,0,0,0,0,0,1
21.0,-5.000000000000001,1,0,1,1,1,1,1,1
9.0,9.0,1,1,1,1,0,1,1,1
-6.0,8.6,1,1,1,1,1,0,1,1
-9.0,-4.0,1,1,0,0,0,1,0,0
18.0,1.3,0,0,1,1,1,1,1,0
6.0,9.8,1,1,0,0,1,0,1,1
10.0,7.2,0,0,0,0,0,0,0,0
-22.0,-5.3,1,1,0,0,1,0,0,0
21.0,10.1,0,0,0,0,1,1,0,0
-1.9999999999999996,2.5,1,1,1,1,1,1,1,1
27.0,11.400000000000002,0,0,0,1,0,1,1,0
9.0,3.0,0,0,1,0,0,1,1,0
-6.0,2.0,1,1,1,1,0,1,1,1
5.0,4.0,0,0,0,0,0,1,1,0
-17.0,10.0,1,1,0,0,0,0,0,1
-6.0,11.0,1,1,0,0,0,1,1,1
3.0,5.9,1,1,0,1,1,0,1,1
-20.0,-8.099999999999998,1,1,1,1,0,1,1,0
-5.0,-4.1,1,1,0,0,0,0,0,1
7.0,4.1,0,0,0,0,1,0,1,0
9.0,1.0,0,0,1,1,0,1,1,0
-7.0,6.0,1,1,1,0,0,1,1,1
1.0,5.0,1,1,1,1,0,1,1,1
12.0,3.0,0,0,0,0,0,0,0,0
11.0,5.0,0,0,0,0,1,1,1,0
-22.0,7.0,1,1,1,0,1,0,1,1
-9.0,1.3,1,1,0,0,0,0,0,1
-8.0,3.0,1,1,1,1,0,1,1,1
-15.000000000000002,-9.0,1,1,1,1,1,0,0,1
13.0,4.5,0,0,0,0,1,0,1,0
-19.0,-9.0,1,1,0,0,0,0,0,0
-6.0,-5.099999999999999,1,1,0,0,0,0,0,1
-9.0,5.0,1,1,1,1,0,1,1,1
13.0,12.0,0,0,1,1,1,1,0,0
9.0,9.0,1,1,1,1,1,0,0,1
27.0,6.0,0,0,0,0,1,0,1,0
-11.0,6.0,1,1,0,0,0,0,0,1
-16.0,-3.1000000000000005,1,1,1,1,1,0,0,1
-1.9999999999999996,11.0,1,1,0,0,0,0,1,1
17.0,9.0,0,0,0,1,1,1,1,0
4.0,-3.0,0,0,0,0,1,1,1,1
5.0,-2.1000000000000005,1,0,0,0,1,1,1,1
18.0,5.0,0,0,0,0,0,0,0,0
-2.9999999999999996,5.0,1,1,1,1,1,0,0,1
7.0,-1.0,0,0,0,0,1,0,1,0
-6.0,-1.0,1,1,1,1,1,0,1,1
17.0,14.100000000000001,0,0,0,0,0,1,1,0
-2.9999999999999996,-7.8,1,0,0,0,1,1,1,0
5.0,-2.0,0,0,0,1,1,1,0,0
8.0,12.0,1,1,0,0,0,1,1,1
13.0,4.0,0,0,0,0,1,1,0,0
-14.000000000000002,9.7,1,1,1,1,0,0,1,1
8.0,-10.099999999999998,0,0,0,0,0,0,1,0
-5.0,-1.1000000000000005,1,1,0,0,0,0,0,1
5.0,5.0,1,1,0,1,1,1,1,1
-7.0,6.2,1,1,1,1,0,0,1,1
5.0,11.0,1,1,0,0,1,0,1,1
-0.9999999999999996,2.2,1,1,1,1,0,0,1,0
13.0,8.7,0,0,1,1,1,1,1,0
17.0,6.0,0,0,0,0,1,1,0,0
11.0,6.5,0,0,0,0,0,1,1,0
-11.0,-6.000000000000001,1,1,0,1,0,1,1,1
24.0,8.0,0,0,0,0,0,0,0,0
16.0,9.2,0,0,1,1,0,0,1,0
8.0,-1.6000000000000005,0,0,0,0,0,1,1,1
4.0,5.0,1,1,1,1,1,1,1,1
4.0,5.0,1,1,1,0,1,0,0,1
1.0,-6.099999999999999,1,0,0,1,1,1,1,0
-18.0,-3.0,1,1,1,1,0,1,0,1
7.0,7.0,1,1,0,0,1,0,0,1
-16.0,-3.7,1,1,1,1,0,0,0,1
3.0,3.0,1,1,1,0,0,1,1,1
-7.0,4.0,1,1,1,1,0,0,0,1
-10.0,2.1,1,1,0,0,0,0,0,1
9.0,5.1,0,0,1,0,1,0,0,1
-3.9999999999999996,8.3,1,1,0,0,1,1,0,1
21.0,13.0,0,0,0,0,1,0,1,0
18.0,9.0,0,0,0,0,1,0,1,0
27.0,6.5,0,0,1,1,0,1,1,0
8.0,-10.0,0,0,1,1,1,0,1,0
39.0,10.0,0,0,1,1,1,1,1,0
15.0,7.0,0,0,1,1,0,0,1,0
-7.0,-6.000000000000001,1,1,0,0,0,1,0,1
8.0,6.0,0,0,0,1,0,0,1,0
8.0,5.8,1,0,0,0,1,0,0,0
8.0,7.0,0,0,0,0,0,0,1,0
19.0,10.0,0,0,1,0,1,1,0,0
9.0,2.0,0,0,1,1,1,1,1,0
1.0,-3.3000000000000007,1,0,0,1,1,1,1,1
-23.0,-3.1000000000000005,0,1,1,0,0,0,0,1
13.0,10.0,0,0,1,1,1,0,0,0
7.0,3.9,0,0,0,0,1,1,0,0
-3.9999999999999996,1.8,1,1,0,0,0,0,1,1
-11.0,-2.8999999999999995,1,1,0,0,0,0,1,1
-2.9999999999999996,-5.000000000000001,0,0,1,1,0,1,0,0
17.0,1.3,0,0,0,0,1,1,0,0
10.0,12.100000000000001,1,1,0,0,0,0,1,1
1.0,9.0,1,1,1,0,0,1,1,1
18.0,11.0,0,0,1,0,0,1,0,0
-7.0,1.0,1,1,0,0,1,0,1,1
-16.0,6.1,1,1,0,0,0,0,1,0
-7.0,-6.3,0,1,1,0,0,0,0,0
-6.0,-6.099999999999999,0,0,0,0,0,0,1,0
-9.0,1.9,1,1,0,0,0,0,0,1
4.0,4.7,1,1,1,1,0,1,0,1
46.0,4.8,0,0,0,0,0,0,0,0
13.0,12.7,0,0,0,0,0,0,0,0
-8.0,0.2999999999999998,1,1,0,0,0,0,1,1
-2.9999999999999996,3.0,1,1,1,1,0,1,1,1
5.0,5.0,1,1,1,1,0,1,1,1
5.0,3.5,0,0,0,0,1,1,0,0
-6.0,-3.8,1,1,1,1,0,0,0,0
12.0,5.0,0,0,0,0,0,0,0,0
-9.0,3.0,1,1,1,1,0,1,1,1
4.0,-7.000000000000001,0,0,0,0,1,1,0,1
-26.0,-12.3,1,1,1,1,0,1,0,1
11.0,1.9,0,0,1,0,1,0,1,0
-24.0,-5.8,0,1,1,0,0,0,0,1
3.0,-1.2000000000000002,0,0,0,0,1,1,1,0
-9.0,7.0,1,1,0,1,0,1,1,1
7.0,0.7000000000000002,1,0,1,1,1,1,1,0
5.0,6.1,1,1,0,0,0,1,1,1
3.0,-6.2,0,0,0,1,1,0,1,0
-2.9999999999999996,4.1,1,1,0,0,0,0,0,0
23.0,7.0,0,0,1,1,1,1,1,0
32.0,4.3,0,0,1,1,1,1,1,0
4.0,-7.000000000000001,0,0,1,1,1,1,1,0
32.0,-6.099999999999999,0,0,0,1,0,1,1,0
-8.0,-9.0,0,0,0,0,1,0,0,0
-22.0,-7.099999999999999,1,1,1,1,0,1,0,1
12.0,12.0,1,1,0,0,0,1,0,1
-11.0,-6.000000000000001,1,1,0,0,0,0,0,1
15.0,5.0,0,0,0,0,1,0,0,0
-40.0,6.0,1,1,1,1,0,1,1,1
18.0,-5.099999999999999,1,0,1,0,1,0,1,1
-25.0,5.7,1,1,1,1,0,1,0,1
8.0,2.1,0,0,1,1,1,0,1,0
-7.0,-11.2,1,0,0,0,1,1,1,1
-2.9999999999999996,5.4,1,1,1,1,1,0,1,1
9.0,6.2,0,0,1,1,1,1,1,0
16.0,2.3,0,0,0,0,1,0,0,0
11.0,8.8,0,0,0,0,1,1,0,0
-27.999999999999996,-1.7999999999999998,1,1,0,0,0,0,1,1
-8.0,3.3,1,1,1,1,0,1,1,1
7.0,-2.3999999999999995,0,0,0,0,0,1,0,0
-11.0,3.0,1,1,0,0,0,0,1,1
22.0,-1.7999999999999998,0,0,0,0,1,1,0,1
-8.0,-1.0,1,1,1,1,1,1,1,1
-8.0,-6.3,1,1,1,0,0,0,0,1
-16.0,-5.000000000000001,1,1,0,0,0,1,0,1
21.0,6.0,0,0,0,1,1,0,0,0
9.0,5.2,0,0,1,1,1,1,0,1
17.0,1.0,0,0,1,1,0,1,0,0
17.0,-5.099999999999999,1,0,1,1,1,1,1,0
-0.9999999999999996,5.4,1,1,1,1,0,1,1,1
10.0,11.0,1,1,0,0,1,1,0,1
5.0,2.7,0,0,1,1,1,1,0,0
-13.000000000000002,-2.8,1,1,0,0,0,1,1,1
-6.0,-1.7000000000000002,1,1,1,0,0,0,0,1
29.999999999999996,8.6,0,0,1,1,0,1,1,0
20.0,4.0,0,0,0,0,0,1,1,0
6.0,-1.2999999999999998,1,0,1,1,1,1,1,0
11.0,0.3999999999999999,1,0,0,0,1,1,0,0
29.999999999999996,8.4,0,0,0,0,1,1,0,0
6.0,6.699999999999999,1,1,1,1,1,1,1,1
8.0,-4.0,0,0,1,0,0,1,1,0
15.0,6.1,0,0,1,1,1,0,0,0
49.0,16.0,0,0,0,0,0,1,1,0
-1.9999999999999996,-4.1,1,0,1,0,0,0,1,0
12.0,6.0,0,0,1,0,1,0,0,0
-11.999999999999998,3.1,1,1,1,1,0,0,1,1
1.0,5.1,1,1,1,1,0,1,1,1
-0.9999999999999996,8.0,1,1,0,0,0,1,1,1
12.0,1.2,0,0,0,0,1,0,1,0
3.0,-2.0,0,0,0,0,1,1,1,0
-24.0,-6.099999999999999,1,1,0,0,0,0,0,1
-1.9999999999999996,-4.0,0,0,0,0,0,0,1,0
15.0,10.400000000000002,0,0,0,0,1,1,1,0
-10.0,-3.1000000000000005,0,1,1,1,0,0,0,1
15.0,18.4,1,1,1,1,1,1,0,1
-2.9999999999999996,4.0,1,1,1,1,1,0,0,1
16.0,-6.000000000000001,0,0,1,1,1,1,1,0
19.0,5.1,0,0,0,0,1,0,0,0
-20.0,1.3,0,1,0,0,0,0,0,1
-34.0,-6.000000000000001,1,1,0,0,0,0,0,1
13.0,-1.2999999999999998,0,0,0,0,0,1,1,0
11.0,10.9,0,0,1,1,1,1,0,0
-7.0,-7.000000000000001,0,0,0,0,1,0,1,0
-10.0,5.4,1,1,1,1,1,1,0,1
-22.0,2.0,1,1,0,1,0,1,1,1
-10.0,6.1,1,1,1,1,0,1,1,1
-3.9999999999999996,12.8,1,1,1,1,1,0,0,1
12.0,4.1,0,0,1,1,1,1,0,0
14.0,18.0,1,1,0,0,0,1,0,1
-11.999999999999998,-1.2000000000000002,1,1,1,1,1,0,1,1
7.0,9.0,1,1,1,1,0,0,1,1
5.0,4.0,0,0,1,0,1,0,0,0
29.0,-0.7999999999999998,0,0,1,0,1,1,0,0
-2.9999999999999996,4.9,1,1,0,0,0,1,1,1
-25.0,-6.000000000000001,1,1,0,0,0,1,0,1
-5.0,0.3999999999999999,1,1,1,1,0,1,1,1
11.0,3.8,0,0,0,0,1,1,0,0
13.0,7.0,0,0,0,0,1,0,0,0
9.0,9.0,1,1,1,1,0,1,1,1
24.0,11.0,0,0,1,1,1,1,0,0
5.0,7.0,1,1,0,0,1,0,1,1
13.0,-5.8999999999999995,0,0,1,1,1,0,1,0
21.0,11.0,0,0,1,0,1,0,1,0
-18.0,6.0,1,1,1,1,0,1,1,1
29.0,1.1,0,0,1,1,1,1,1,0
-5.0,5.0,1,1,1,1,1,1,1,1
-3.9999999999999996,-13.099999999999998,1,0,0,0,1,0,0,1
1.0,10.2,1,1,1,1,0,0,1,1
-7.0,-7.2,0,0,1,0,1,1,1,0
11.0,8.1,0,0,1,1,1,1,0,0
-11.999999999999998,4.0,1,1,1,1,0,0,0,1
-19.0,0.10000000000000009,1,1,0,0,0,0,1,1
-0.9999999999999996,-1.0,0,0,1,1,1,1,0,0
18.0,-0.7999999999999998,1,0,1,0,1,1,1,1
5.0,2.0,0,0,0,0,1,0,0,0
5.0,6.699999999999999,1,1,1,1,1,0,0,1
6.0,-3.0,0,0,0,0,1,1,1,0
-16.0,-3.1000000000000005,1,1,1,1,0,1,1,1
4.0,5.0,1,1,1,1,0,1,0,1
-21.0,-10.2,1,1,1,1,1,1,1,1
-7.0,7.0,1,1,1,1,0,1,0,1
5.0,4.0,0,0,0,0,1,0,0,0
-11.999999999999998,4.3,1,1,0,0,0,0,1,1
26.0,4.5,0,0,0,0,1,0,0,0
5.0,11.0,1,1,1,1,0,1,1,1
5.0,13.0,1,1,1,1,1,1,0,1
15.0,3.0,0,0,1,0,0,1,1,0
5.0,12.100000000000001,1,1,0,0,0,0,0,1
3.0,8.0,1,1,0,0,0,1,1,1
-23.0,-11.599999999999998,0,1,1,1,0,0,0,0
6.0,12.0,1,1,0,0,0,1,1,1
-5.0,-2.0,1,1,0,0,0,0,0,1
-27.999999999999996,-10.099999999999998,1,1,1,1,1,1,1,0
-20.0,0.7999999999999998,1,1,1,1,1,0,1,1
18.0,10.9,0,0,0,1,1,1,0,0
-10.0,-9.0,1,1,1,1,0,0,0,1
10.0,7.0,0,0,1,1,1,1,0,0
47.0,4.0,0,0,1,0,1,0,0,0
3.0,3.9,1,1,1,1,0,0,1,1
-22.0,-8.8,1,1,1,1,0,0,0,1
11.0,4.3,0,0,1,1,1,1,1,0
-14.000000000000002,10.0,1,1,1,1,0,0,1,1
3.0,-2.8,0,0,1,0,1,1,0,0
17.0,2.0,0,0,1,1,1,0,0,0
13.0,14.0,1,1,1,1,0,0,1,1
6.0,8.0,1,1,0,1,0,1,1,1
-14.000000000000002,6.1,1,1,1,1,0,0,1,1
-14.000000000000002,-3.1000000000000005,1,1,1,1,0,0,1,1
4.0,4.0,1,1,1,1,0,1,1,1
12.0,7.5,0,0,0,0,1,1,1,0
-6.0,-5.099999999999999,1,1,0,1,0,0,1,1
2.0,10.0,1,1,1,1,0,0,1,1
9.0,5.1,0,0,0,0,0,0,0,0
4.0,6.0,1,1,1,0,0,1,1,1
6.0,12.100000000000001,1,1,0,1,1,1,0,1
7.0,7.5,1,1,1,1,0,0,1,1
11.0,1.3,0,0,1,1,1,1,0,0
-10.0,-6.099999999999999,1,1,1,1,0,1,0,1
-11.0,-6.099999999999999,1,1,0,0,0,0,0,1
5.0,-7.000000000000001,0,0,0,1,1,1,1,0
-2.9999999999999996,8.1,1,1,1,1,1,1,0,1
-9.0,-5.099999999999999,1,1,0,0,0,1,1,1
-7.0,9.1,1,1,1,0,0,1,1,1
-14.000000000000002,1.8,1,1,1,0,0,0,1,1
3.0,2.0,0,0,1,0,1,1,1,0
-3.9999999999999996,-5.099999999999999,0,0,0,0,1,1,1,0
-8.0,9.0,1,1,1,1,0,1,1,1
7.0,6.6,0,0,0,1,1,0,0,0
4.0,-3.1000000000000005,0,0,0,0,0,1,1,0
-2.9999999999999996,-4.8999999999999995,0,0,0,0,0,1,1,0
-11.0,3.0,1,1,0,0,1,0,1,1
2.0,-3.1000000000000005,0,0,1,1,1,1,1,0
-0.9999999999999996,-4.4,0,0,1,1,0,1,1,0
-7.0,-8.099999999999998,1,0,0,1,1,1,1,1
7.0,5.1,0,0,0,0,1,0,0,0
17.0,0.0,1,0,1,1,1,1,1,1
1.0,-1.8999999999999995,0,0,1,1,1,1,1,0
-11.999999999999998,-2.0,1,1,1,1,1,1,0,1
7.0,5.0,0,0,0,0,0,0,1,0
4.0,5.7,1,1,1,0,0,1,0,1
-15.000000000000002,-9.0,1,1,1,1,1,0,0,1
-10.0,-1.1000000000000005,1,1,0,0,0,0,0,1
10.0,5.0,0,0,0,0,1,0,1,0
5.0,7.9,1,1,1,1,0,1,1,1
7.0,6.9,1,0,1,1,1,0,1,1
7.0,13.900000000000002,1,1,1,0,1,1,0,1
7.0,8.0,1,1,1,1,1,0,0,1
23.0,-5.099999999999999,0,0,1,1,1,1,1,0
5.0,-6.000000000000001,0,0,0,0,1,0,0,0
-25.0,1.0,1,1,1,0,0,1,1,1
-13.000000000000002,7.1,1,1,0,0,0,0,1,1
7.0,4.4,0,0,0,0,1,1,0,0
6.0,-5.599999999999999,0,0,0,0,1,0,1,0
5.0,-3.0,0,0,0,0,1,0,0,0
4.0,2.1,0,0,1,1,1,1,0,0
9.0,12.0,1,1,0,1,1,0,1,1
-19.0,6.300000000000001,1,1,1,1,0,0,1,1
-6.0,4.8,1,1,0,1,0,1,1,1
7.0,2.0,0,0,1,1,0,0,0,0
12.0,12.0,1,1,0,0,0,1,1,1
6.0,6.0,1,1,1,0,0,0,0,1
-6.0,-12.0,0,0,0,0,0,0,0,0
3.0,-5.3,0,0,1,1,1,1,0,0
-7.0,2.1,1,1,0,0,0,0,0,1
-5.0,-1.0,1,1,1,1,1,0,0,1
-11.0,-0.7999999999999998,1,1,1,1,0,1,1,1
6.0,7.1,1,1,0,1,0,0,1,1
9.0,10.0,1,1,0,0,1,0,0,1
-14.000000000000002,-4.0,1,1,0,0,0,0,0,1
23.0,11.0,0,0,1,1,1,0,0,0
-7.0,1.0,1,1,1,0,0,1,1,1
15.0,9.8,0,0,0,0,1,1,0,0
2.0,6.0,1,1,1,1,1,1,1,1
-11.999999999999998,4.5,1,1,1,1,0,0,0,1
33.0,13.0,0,0,1,1,0,0,1,0
-1.9999999999999996,0.6000000000000001,1,1,0,0,1,0,0,1
-6.0,5.0,1,1,1,1,0,1,0,1
15.0,8.0,0,0,1,1,1,0,1,0
-6.0,5.0,1,1,1,1,0,1,1,1
9.0,10.0,1,1,0,0,0,1,0,1
-7.0,-4.0,1,1,0,0,0,1,1,1
-6.0,8.0,1,1,0,0,0,1,1,1
6.0,1.1,0,0,1,1,1,1,1,0
-1.9999999999999996,12.0,1,1,0,0,0,0,1,1
5.0,6.0,1,1,1,1,0,1,1,1
-1.9999999999999996,3.0,1,1,0,0,1,0,1,1
15.0,-4.3,0,0,0,1,0,1,1,0
-9.0,-5.3999999999999995,1,1,0,0,0,1,1,1
9.0,9.0,1,1,1,1,0,1,1,1
2.0,6.0,1,1,1,1,0,1,0,1
4.0,10.1,1,1,0,0,1,0,0,0
15.0,12.0,0,0,1,1,1,1,1,0
-7.0,2.0,1,1,0,0,0,1,0,1
4.0,8.4,1,1,0,0,0,1,1,1
-11.999999999999998,-3.2,1,1,1,1,1,1,0,1
-1.9999999999999996,-5.099999999999999,0,0,1,1,1,1,1,0
1.0,4.0,1,1,0,1,1,1,1,1
21.0,12.0,0,0,1,1,1,1,1,0
2.0,-2.0,0,0,1,1,1,1,0,0
-6.0,7.0,1,1,1,0,0,0,1,1
-0.9999999999999996,-2.1000000000000005,0,0,1,1,1,1,1,0
6.0,1.6,0,0,1,0,0,0,0,0
18.0,8.0,0,0,0,0,1,0,0,0
1.0,4.8,1,1,1,1,0,1,1,1
18.0,11.0,0,0,1,1,1,1,0,0
3.0,-1.1000000000000005,0,0,1,1,1,1,1,0
-6.0,8.0,1,1,1,1,1,0,1,1
10.0,2.0,0,0,1,1,1,1,1,0
13.0,9.1,0,0,1,1,1,0,0,0
-1.9999999999999996,2.4,1,1,0,0,0,1,0,1
-18.0,-2.1000000000000005,1,1,1,0,1,0,1,1
13.0,5.0,0,0,0,0,1,0,0,0
-6.0,14.600000000000001,1,1,1,1,1,1,0,1
-10.0,-4.6,1,1,0,0,0,1,1,1
-5.0,5.0,1,1,1,1,1,1,1,1
-0.9999999999999996,9.0,1,1,1,1,0,0,0,1
-8.0,0.5,1,1,0,1,0,0,1,1
17.0,1.0,0,0,0,0,1,1,0,0
28.0,8.0,0,0,1,1,1,0,0,0
18.0,5.0,0,0,0,0,1,1,0,0
3.0,10.0,1,1,1,1,0,0,1,1
11.0,-2.0,0,0,0,1,1,1,1,0
-5.0,-4.0,1,1,0,0,1,0,1,1
9.0,-2.3,0,0,1,1,1,1,1,0
2.0,-3.0,0,0,0,1,1,1,0,0
-10.0,12.0,1,1,0,0,0,0,0,1
35.0,-6.000000000000001,0,0,1,1,1,1,1,0
12.0,-1.7999999999999998,0,0,0,0,1,0,0,0
-17.0,-1.7999999999999998,1,1,0,0,0,0,0,0
3.0,10.9,1,1,0,1,0,1,1,1
5.0,4.8,0,0,1,0,1,0,0,0
3.0,6.2,1,1,0,1,0,0,0,1
7.0,11.5,1,1,0,0,0,0,0,1
-14.000000000000002,-6.000000000000001,1,1,0,0,0,0,0,1
5.0,4.6,0,0,0,0,0,0,0,0
4.0,9.0,1,1,1,1,1,1,0,1
-9.0,-6.000000000000001,1,1,0,0,0,0,0,1
-2.9999999999999996,3.0,1,1,0,0,1,1,1,1
16.0,7.0,0,0,0,0,1,0,0,0
-14.000000000000002,1.0,1,1,1,0,1,0,0,1
25.0,8.0,0,0,1,0,0,1,1,0
27.0,12.0,0,0,1,1,1,0,0,0
3.0,2.1,0,0,1,1,1,0,0,0
-15.000000000000002,-3.1000000000000005,1,1,1,1,0,0,0,1
-9.0,-8.0,1,1,0,0,0,0,1,1
5.0,-1.2000000000000002,0,0,1,1,1,1,0,0
-15.000000000000002,8.0,1,1,0,0,0,0,0,1
-17.0,-6.000000000000001,1,1,0,0,0,0,1,1
7.0,4.0,0,0,1,0,1,0,0,0
5.0,2.0,0,0,0,0,1,0,0,0
-8.0,4.0,1,1,0,0,0,0,0,1
-7.0,-1.0,1,1,1,1,0,0,1,1
18.0,8.7,0,0,0,0,1,1,0,0
24.0,1.3,0,0,1,1,1,1,0,0
24.0,6.0,0,0,0,1,1,1,0,0
-9.0,7.0,1,1,1,1,0,0,1,1
2.0,-1.0,0,0,0,0,1,1,0,0
27.0,5.5,0,0,0,0,0,1,0,0
12.0,11.7,0,0,1,1,0,1,1,0
5.0,-5.8,0,0,0,1,1,1,1,0
15.0,9.0,0,0,0,1,0,0,0,0
3.0,4.7,1,1,1,1,1,0,1,1
25.0,11.0,0,0,1,1,1,1,0,0
-3.9999999999999996,3.1,1,1,1,1,0,0,1,1
17.0,3.0,0,0,0,0,0,0,1,0
-10.0,3.0,1,1,1,1,0,0,1,1
-11.0,-0.7000000000000006,1,1,0,0,0,0,0,1
14.0,-5.500000000000001,0,0,1,1,1,0,0,0
14.0,-9.0,0,0,1,1,1,1,1,0
5.0,1.1,0,0,0,1,1,1,0,0
12.0,10.1,0,0,1,1,1,1,1,0
1.0,-1.7999999999999998,1,0,1,1,1,1,1,0
4.0,-2.0,0,0,1,1,1,1,1,0
6.0,4.0,0,0,0,0,1,0,1,0
13.0,-4.0,0,0,1,1,1,1,0,0
12.0,2.5,0,0,1,1,1,0,1,0
-8.0,6.300000000000001,1,1,0,0,0,1,1,1
-10.0,2.4,1,1,1,1,0,1,0,1
-1.9999999999999996,5.7,0,1,0,0,0,1,0,1
-11.0,10.0,1,1,1,0,0,1,1,1
13.0,11.0,0,0,1,0,1,1,1,0
18.0,-1.7000000000000002,0,0,1,1,1,1,1,0
-15.000000000000002,-2.8,1,1,0,0,0,0,0,1
-24.0,6.0,1,1,1,1,1,0,0,1
-6.0,-1.0,1,1,1,1,1,0,1,1
15.0,-1.8999999999999995,0,0,1,0,1,1,1,0
13.0,14.0,1,1,0,0,0,0,1,1
-1.9999999999999996,5.2,1,1,1,1,0,1,0,1
3.0,-2.2,0,0,0,0,1,1,0,0
-5.0,7.0,1,1,1,1,0,1,0,1
14.0,-5.000000000000001,0,0,0,0,0,0,1,0
-2.9999999999999996,7.9,1,1,0,0,0,1,1,1
4.0,7.9,1,1,0,0,1,1,0,1
-13.000000000000002,-3.1000000000000005,1,1,1,0,0,0,1,1
3.0,9.1,1,1,0,0,1,0,0,1
-17.0,-3.0,1,1,1,0,0,0,0,1
8.0,1.7,0,0,0,0,1,0,0,0
6.0,14.600000000000001,1,1,1,1,1,1,0,1
-18.0,2.0,1,1,0,0,0,0,0,1
-3.9999999999999996,3.0,1,1,1,1,1,1,1,1
3.0,1.1,0,0,1,1,0,0,0,1
4.0,6.0,1,1,1,1,1,1,1,0
18.0,9.5,0,0,0,0,0,0,0,0
1.0,1.0,1,1,1,1,1,1,1,1
-20.0,-4.0,1,1,1,1,1,1,1,0
8.0,5.7,0,0,1,1,0,0,0,0
17.0,8.2,0,0,0,0,0,1,1,1
-9.0,-5.000000000000001,0,1,0,0,1,0,1,0
-10.0,0.5,0,1,1,1,0,0,0,0
-37.0,-5.099999999999999,0,1,0,0,0,0,1,0
1.0,-6.000000000000001,1,0,1,1,0,0,0,1
-9.0,-4.0,1,1,0,0,1,0,0,0
-18.0,-7.000000000000001,1,1,1,0,0,0,0,1
14.0,3.0,1,0,0,0,1,1,0,1
6.0,4.0,0,0,1,1,1,1,1,0
-2.9999999999999996,-8.7,1,0,1,1,0,1,1,1
7.0,4.0,0,0,1,1,1,0,0,1
23.0,12.0,0,0,1,1,1,1,1,0
18.0,9.0,0,0,0,0,0,0,0,0
21.0,7.1,1,0,0,0,1,0,0,1
-10.0,-4.1,0,1,0,0,1,0,0,0
-10.0,-0.5,0,1,1,1,1,0,0,0
-19.0,0.6000000000000001,0,1,0,0,0,0,0,0
-14.000000000000002,-2.0,1,1,0,1,1,0,1,0
21.0,7.3,1,0,1,1,1,0,1,1
36.0,5.1,0,0,0,1,0,1,1,1
8.0,6.4,1,0,0,0,0,1,1,1
-2.9999999999999996,4.1,1,1,1,1,1,1,0,0
4.0,6.0,1,1,1,1,1,1,0,0
-1.9999999999999996,-4.1,1,0,1,1,0,1,1,0
14.0,11.0,0,0,0,0,0,1,1,1
7.0,3.1,1,0,0,1,1,1,1,1
39.0,5.7,1,0,1,0,1,1,1,1
-3.9999999999999996,-8.8,0,0,0,0,0,1,1,1
-7.0,3.0,0,1,0,1,0,0,0,0
-1.9999999999999996,-2.2,1,0,0,1,0,1,1,1
-16.0,-8.0,0,1,0,0,0,0,0,0
7.0,-6.000000000000001,1,0,1,1,1,1,1,1
8.0,-8.2,1,0,0,1,1,1,1,1
18.0,1.1,1,0,1,0,1,1,1,1
19.0,3.1,1,0,1,1,1,1,1,1
1.0,3.2,0,1,0,0,1,0,0,0
-3.9999999999999996,5.0,1,1,1,1,1,0,0,1
1.0,1.0,0,1,0,0,0,0,0,0
14.0,-8.0,1,0,1,1,1,1,1,1
28.0,-0.5999999999999996,1,0,0,0,1,0,0,1
-7.0,-5.099999999999999,0,1,0,0,0,0,1,0
3.0,6.0,0,1,0,0,1,1,1,0
-9.0,-6.000000000000001,1,1,0,0,0,0,1,0
10.0,10.0,1,1,1,1,0,0,1,1
-0.9999999999999996,-7.000000000000001,1,0,0,1,0,1,0,1
13.0,1.0,0,0,1,0,1,1,0,1
1.0,4.1,1,1,0,0,0,1,1,0
15.0,7.0,0,0,0,1,1,0,0,0
-11.0,8.0,0,1,1,1,0,1,1,0
13.0,8.0,1,0,0,0,0,0,0,1
-0.9999999999999996,4.0,1,1,0,0,0,0,1,0
9.0,7.0,1,0,0,0,0,0,1,1
3.0,0.20000000000000018,1,0,0,0,0,1,0,0
-2.9999999999999996,8.0,1,1,1,1,1,1,1,1
-8.0,4.0,1,1,0,0,0,0,1,0
16.0,4.0,0,0,1,1,1,1,1,0
-13.000000000000002,9.0,1,1,1,1,0,1,1,1
7.0,10.0,1,1,0,1,0,1,1,1
-2.9999999999999996,5.0,1,1,1,1,0,1,1,1
-19.0,12.0,0,1,0,0,0,1,0,1
-34.0,-2.0,0,1,1,1,0,0,1,0
-3.9999999999999996,6.1,1,1,0,1,0,1,1,1
12.0,-2.1000000000000005,1,0,0,0,1,1,1,1
-11.0,-1.3999999999999995,0,1,0,0,0,0,0,0
33.99999999999999,-2.1000000000000005,1,0,0,0,1,1,0,1
-6.0,-3.1000000000000005,0,1,1,1,0,1,1,0
-17.0,-7.000000000000001,0,1,1,0,0,0,0,0
-5.0,2.1,1,1,0,0,1,0,1,0
11.0,4.2,0,0,0,0,1,0,1,1
2.0,-1.2000000000000002,1,0,1,0,1,1,1,1
9.0,6.1,1,0,0,1,1,1,1,1
6.0,10.8,0,1,1,1,0,1,0,0
10.0,8.7,1,0,0,0,0,1,1,0
6.0,3.0,1,0,1,0,1,1,1,1
-14.000000000000002,-4.1,0,1,0,1,0,0,0,0
-6.0,4.2,0,1,1,1,0,0,0,0
21.0,7.0,0,0,0,0,1,1,1,0
-10.0,-2.0,1,1,0,0,0,0,0,0
6.0,9.0,0,1,1,1,1,1,0,0
32.0,7.0,1,0,0,0,1,1,1,1
-1.9999999999999996,-5.000000000000001,1,0,1,1,0,1,1,1
2.0,-1.0,1,0,1,1,1,1,1,1
-23.0,-3.1000000000000005,0,1,0,0,0,0,0,0
18.0,1.1,1,0,1,1,0,1,1,1
-5.0,-2.0,0,1,0,0,0,0,0,0
17.0,6.0,1,0,1,0,0,1,1,0
9.0,3.2,0,0,0,0,0,0,0,0
-15.000000000000002,4.6,1,1,0,0,0,1,1,1
-10.0,-5.3,0,1,1,1,1,0,1,0
6.0,-1.7999999999999998,0,0,1,1,1,1,0,1
-11.0,2.5,1,1,1,1,0,1,1,0
-15.000000000000002,3.2,0,1,1,1,1,1,1,0
3.0,-5.099999999999999,0,0,1,1,0,1,0,0
-9.0,5.0,1,1,1,1,1,1,1,1
7.0,12.0,1,1,1,0,0,1,1,1
8.0,1.0,0,0,1,1,0,0,0,0
11.0,-4.1,1,0,1,1,1,1,0,1
-2.9999999999999996,5.3,0,1,0,0,0,0,0,0
3.0,6.0,1,1,0,0,0,1,1,1
7.0,10.9,0,1,1,1,1,0,1,1
6.0,-8.099999999999998,0,0,0,0,1,1,0,0
24.0,1.8,0,0,1,0,1,1,0,0
-7.0,-8.099999999999998,1,0,1,1,0,1,1,1
-15.000000000000002,-4.0,1,1,1,1,0,1,1,0
5.0,4.0,0,0,1,1,1,1,1,0
-5.0,-4.8999999999999995,0,1,0,1,1,0,1,0
24.0,9.0,1,0,0,0,1,0,0,1
-5.0,4.0,0,1,0,1,1,0,1,0
1.0,-2.1000000000000005,1,0,0,0,0,1,0,0
6.0,-2.1000000000000005,0,0,0,0,0,1,0,0
5.0,8.0,0,1,0,1,1,1,1,0
1.0,11.0,1,1,1,1,1,1,1,1
14.0,4.0,1,0,1,0,1,1,1,1
18.0,4.9,1,0,0,0,1,0,0,1
-9.0,2.8,0,1,0,1,0,0,1,0
18.0,6.0,0,0,1,0,0,0,0,0
6.0,-3.0,1,0,0,0,1,1,1,1
-10.0,0.3999999999999999,0,1,1,0,0,0,0,0
-8.0,9.0,1,1,1,1,0,0,0,1
3.0,6.0,0,1,0,0,1,0,0,0
-1.9999999999999996,5.0,1,1,1,1,0,1,0,1
13.0,-2.1000000000000005,1,0,0,0,0,1,1,1
-16.0,2.0,1,1,0,0,1,0,0,1
9.0,5.0,1,0,0,0,0,0,1,1
-0.9999999999999996,7.0,1,1,1,0,0,0,0,1
12.0,2.0,0,0,0,1,1,1,1,0
-24.0,2.5,0,1,0,1,1,0,0,0
6.0,-1.0,1,0,1,1,0,1,1,1
8.0,-2.2,1,0,0,0,0,1,1,1
22.0,7.0,0,0,0,0,0,0,1,0
7.0,9.0,0,1,0,0,1,0,0,0
-0.9999999999999996,6.0,1,1,0,0,0,0,0,1
-8.0,10.0,0,1,1,1,0,1,0,0
-8.0,5.9,0,1,0,1,1,0,0,0
20.0,-1.8999999999999995,1,0,1,1,1,1,1,1
14.0,-2.1000000000000005,0,0,1,1,0,1,0,0
4.0,-2.8,0,0,1,1,1,1,0,0
4.0,5.0,1,1,1,1,1,1,1,1
5.0,10.0,1,1,0,0,0,1,1,1
4.0,6.0,1,1,0,1,1,1,1,0
3.0,3.0,1,1,1,1,1,1,1,1
9.0,10.2,0,1,0,1,1,1,0,0
23.0,-2.0,0,0,0,0,0,1,0,0
-8.0,2.0,1,1,1,1,0,1,1,1
-6.0,7.0,1,1,1,1,1,1,1,1
1.0,-5.000000000000001,0,0,1,1,1,1,0,1
11.0,16.0,1,1,0,0,0,1,0,1
1.0,9.0,1,1,1,1,1,1,1,1
12.0,-2.1000000000000005,1,0,0,1,1,0,0,1
-7.0,-6.099999999999999,0,1,0,0,0,0,0,0
15.0,6.1,0,0,1,1,1,0,0,1
-11.0,3.0,1,1,1,1,1,1,0,1
-2.9999999999999996,2.0,1,1,1,1,1,1,1,1
-5.0,2.0,1,1,1,1,1,0,0,1
9.0,3.0,0,0,0,0,1,1,0,1
-15.000000000000002,-6.000000000000001,1,1,0,0,0,0,0,0
-23.0,-1.0,1,1,1,0,0,0,1,1
14.0,5.5,0,0,1,1,0,0,0,0
9.0,5.0,1,0,1,0,0,1,1,1
13.0,12.2,1,0,0,0,1,1,1,1
-0.9999999999999996,9.0,1,1,1,1,0,1,0,1
12.0,6.699999999999999,1,0,0,0,0,0,1,1
2.0,-4.5,1,0,0,0,1,1,1,1
-3.9999999999999996,8.0,0,1,0,1,0,1,0,0
-14.000000000000002,-1.1000000000000005,0,1,0,1,0,0,0,1
-5.0,4.0,1,1,0,1,1,1,0,1
-9.0,-4.0,1,1,0,1,1,1,0,1
-19.0,3.9,0,1,1,0,0,0,0,0
-22.0,-1.0,1,1,0,1,1,0,0,1
25.0,5.7,1,0,1,1,1,0,1,1
7.0,6.0,0,0,1,1,1,1,1,0
11.0,7.0,0,0,0,0,1,0,1,0
-25.0,-3.1000000000000005,0,1,0,0,0,0,0,0
14.0,11.0,0,0,1,1,1,0,1,0
4.0,3.8,1,0,0,0,0,0,1,1
-13.000000000000002,-3.1000000000000005,0,1,0,0,0,0,0,0
4.0,10.7,0,1,1,1,1,0,0,0
2.0,6.0,0,1,0,0,0,1,0,0
2.0,8.0,1,1,0,1,1,0,0,1
12.0,10.0,1,0,1,1,1,1,1,1
-14.000000000000002,-2.1000000000000005,0,1,0,0,1,0,0,0
17.0,7.1,1,0,0,0,0,1,1,1
10.0,3.1,1,0,1,1,1,1,1,1
-9.0,1.6,0,1,0,0,1,0,0,0
11.0,14.0,0,1,0,0,0,0,0,0
15.0,11.100000000000001,1,0,1,1,0,1,1,1
-7.0,-2.0,1,1,1,1,1,0,1,1
11.0,7.5,0,0,0,0,0,0,0,0
-0.9999999999999996,1.0,1,1,1,1,0,1,1,0
5.0,-6.2,0,0,1,0,1,1,0,0
9.0,2.0,0,0,0,0,0,0,0,0
12.0,6.0,1,0,1,1,0,0,0,0
7.0,13.0,0,1,0,0,1,0,1,1
-8.0,-2.6000000000000005,0,1,0,0,1,0,0,0
16.0,5.4,1,0,1,1,0,0,0,1
2.0,6.2,0,1,1,1,0,0,0,0
5.0,6.1,1,1,1,1,1,1,1,0
11.0,-5.599999999999999,1,0,1,1,1,1,0,1
6.0,-3.1000000000000005,1,0,0,1,0,1,1,1
-11.0,9.3,0,1,1,1,1,1,1,0
29.999999999999996,-7.7,0,0,1,1,1,1,0,1
2.0,2.1,1,1,0,1,1,0,0,0
14.0,-2.3999999999999995,0,0,1,1,1,0,0,0
-13.000000000000002,-2.1000000000000005,0,1,0,0,1,0,1,1
29.999999999999996,5.0,1,0,1,1,1,1,1,1
8.0,-7.8999999999999995,1,0,1,1,0,0,0,1
22.0,-2.7,0,0,1,1,1,0,0,0
16.0,8.0,0,0,0,0,0,0,0,0
4.0,8.6,0,1,1,1,0,0,1,1
-11.0,-2.1000000000000005,0,1,1,1,1,0,0,0
2.0,8.0,1,1,0,1,1,0,1,1
3.0,-4.0,1,0,0,0,0,1,1,1
19.0,5.9,1,0,1,1,0,1,1,0
3.0,-1.2000000000000002,1,0,0,0,1,1,1,1
-15.000000000000002,-13.7,0,1,0,0,1,1,1,0
-31.999999999999996,-5.7,1,1,1,1,1,0,1,0
6.0,4.1,0,0,0,0,0,0,1,1
-14.000000000000002,6.0,0,1,1,1,1,1,0,0
25.0,4.1,1,0,0,1,0,1,1,1
7.0,3.0,0,0,0,0,0,1,1,0
-2.9999999999999996,1.0,1,1,0,1,1,0,1,0
2.0,4.1,0,1,1,1,1,0,0,0
9.0,7.0,0,0,0,0,1,1,1,0
7.0,-5.000000000000001,1,0,1,0,0,1,1,1
-7.0,-4.1,0,1,1,1,0,0,0,0
-9.0,6.1,0,1,0,0,0,1,0,0
11.0,8.0,0,0,0,0,1,0,1,0
4.0,4.1,1,1,1,1,0,1,0,0
8.0,1.0,1,0,1,0,1,1,1,1
-17.0,-4.8999999999999995,1,1,0,0,1,0,0,0
10.0,8.6,0,0,1,0,1,1,1,0
-31.999999999999996,-3.9000000000000004,0,1,0,0,1,0,0,0
15.0,11.0,0,0,0,0,0,1,1,0
-5.0,-6.000000000000001,0,0,1,1,0,1,1,0
-3.9999999999999996,9.0,0,1,1,0,0,0,0,0
-2.9999999999999996,5.1,0,1,1,1,0,0,0,0
-15.000000000000002,-4.2,0,1,0,0,0,0,0,0
1.0,-1.0,1,0,1,1,1,1,1,1
20.0,2.1,0,0,0,0,1,0,0,0
-1.9999999999999996,8.0,1,1,0,0,1,1,1,1
-9.0,-3.0,1,1,0,0,1,1,1,0
3.0,6.0,1,1,0,0,1,1,1,1
17.0,4.0,0,0,0,0,1,0,0,0
6.0,2.0,0,0,0,0,0,0,0,0
-24.0,0.10000000000000009,0,1,1,1,1,0,1,0
19.0,7.6,0,0,0,0,0,0,0,0
18.0,-6.500000000000001,0,0,1,0,0,1,0,0
-10.0,-11.0,1,0,0,0,1,0,0,1
-14.000000000000002,0.8999999999999999,0,1,0,0,1,0,1,1
-20.0,10.0,1,1,0,1,1,0,0,1
20.0,5.0,0,0,0,0,0,0,1,0
13.0,6.0,0,0,1,1,0,0,1,0
26.0,3.0,0,0,0,0,0,0,0,0
-3.9999999999999996,-6.099999999999999,0,0,1,0,0,0,0,0
2.0,-3.3000000000000007,0,0,0,0,1,0,0,1
-48.0,-10.099999999999998,1,1,1,1,1,0,1,1
-8.0,-4.1,0,1,0,0,0,0,0,0
9.0,9.3,1,1,1,0,1,1,0,1
25.0,14.0,0,0,0,0,0,1,1,0
2.0,-2.0,0,0,1,1,0,0,0,0
6.0,3.0,0,0,0,0,0,1,0,1
25.0,1.0,0,0,1,1,1,1,1,0
18.0,14.0,0,0,1,1,1,1,1,0
-6.0,-1.8999999999999995,0,1,0,0,1,0,0,0
-16.0,-2.0,0,1,0,1,1,0,0,0
-18.0,-5.000000000000001,1,1,0,0,0,0,0,0
-6.0,4.0,0,1,1,0,0,0,0,0
18.0,5.6,0,0,1,1,1,0,1,0
12.0,6.0,0,0,1,1,1,0,1,0
6.0,1.0,0,0,1,0,1,1,1,0
-13.000000000000002,3.1,1,1,1,1,0,1,0,0
1.0,-7.099999999999999,0,0,1,0,0,1,0,1
26.0,8.0,1,0,0,1,1,1,1,1
-10.0,-7.000000000000001,1,1,1,1,0,0,0,1
-11.0,-5.099999999999999,0,1,0,0,0,0,0,0
-7.0,-4.8,1,1,0,0,0,0,0,0
14.0,5.0,0,0,0,0,1,0,1,0
17.0,10.0,1,0,0,0,0,1,1,0
-10.0,-2.1000000000000005,0,1,1,1,1,0,0,0
7.0,2.9,0,0,1,1,1,1,1,0
18.0,4.1,1,0,1,1,0,1,1,1
7.0,15.0,0,1,0,0,0,0,0,0
8.0,7.1,1,0,0,0,0,1,1,1
5.0,13.0,1,1,0,0,0,0,0,1
-20.0,-3.3999999999999986,0,1,0,0,0,0,0,0
3.0,-3.8,0,0,0,0,0,1,1,1
-19.0,3.9,0,1,1,0,1,0,0,0
-22.0,4.7,0,1,1,1,1,1,0,0
-15.000000000000002,3.1,1,1,1,1,1,1,1,1
16.0,11.0,0,0,1,1,1,0,0,0
4.0,4.9,1,1,0,0,0,1,1,1
2.0,4.0,1,1,1,0,0,1,1,1
-13.000000000000002,-4.3,0,1,0,1,0,0,1,0
46.0,16.0,1,0,0,0,1,0,1,0
8.0,7.0,0,0,1,1,1,1,1,0
-18.0,-3.1000000000000005,0,1,0,0,0,0,0,1
-5.0,7.0,1,1,1,1,1,1,1,1
3.0,8.0,1,1,1,1,0,0,0,1
5.0,7.0,1,1,1,1,0,1,1,1
-8.0,2.9,0,1,1,1,0,1,1,0
-7.0,-4.1,1,1,0,1,1,0,0,1
-5.0,-3.1000000000000005,0,1,1,1,0,0,1,1
-10.0,4.5,0,1,1,1,0,0,0,0
22.0,5.0,1,0,0,0,0,0,0,1
-5.0,-4.1,0,1,0,0,0,0,1,0
-24.0,-6.8999999999999995,1,1,0,0,0,0,0,0
6.0,10.0,1,1,0,0,1,1,1,1
9.0,14.3,0,1,1,0,1,0,0,0
6.0,-6.3999999999999995,1,0,0,0,1,1,1,1
-1.9999999999999996,-6.000000000000001,0,0,1,1,1,0,0,0
2.0,3.3,1,1,1,1,0,1,0,1
10.0,11.0,1,1,0,0,0,1,1,1
8.0,10.0,1,1,0,0,0,1,0,1
-11.0,2.1,0,1,0,0,0,0,0,0
-0.9999999999999996,-7.000000000000001,0,0,0,0,1,1,0,0
-2.9999999999999996,-8.0,0,0,1,1,1,1,1,1
7.0,10.400000000000002,0,1,0,0,0,0,0,0
-7.0,3.0,1,1,0,0,0,1,1,1
-7.0,6.1,1,1,0,0,0,0,0,0
15.0,7.9,0,0,0,0,0,0,0,0
3.0,3.8,0,1,1,1,0,0,0,0
-11.999999999999998,-2.1000000000000005,0,1,1,1,0,0,0,1
23.0,7.0,0,0,0,1,1,1,1,0
-19.0,4.1,1,1,1,1,1,0,0,0
-17.0,3.1,0,1,1,1,0,1,0,0
18.0,7.1,1,0,0,0,1,0,1,1
-11.0,-5.099999999999999,1,1,0,0,0,0,0,1
-23.0,-5.000000000000001,1,1,0,1,0,0,1,0
-2.9999999999999996,6.8,0,1,1,0,1,0,0,0
22.0,4.0,0,0,1,1,1,1,0,0
1.0,2.0,0,1,1,1,0,0,0,0
7.0,10.0,1,1,0,0,0,0,0,1
-9.0,-5.8999999999999995,0,1,0,0,0,0,0,0
32.0,9.900000000000002,1,0,1,0,0,0,1,0
26.0,9.0,0,0,0,0,1,1,1,0
11.0,9.8,0,0,1,1,1,1,1,0
-1.9999999999999996,-6.099999999999999,1,0,1,1,1,1,1,0
-5.0,-1.7000000000000002,0,1,0,1,1,0,0,0
18.0,7.0,0,0,0,0,0,0,1,0
-5.0,-4.1,0,1,0,0,0,0,0,0
15.0,1.0,1,0,0,0,1,1,1,1
-16.0,4.2,1,1,1,1,0,1,0,0
16.0,4.0,0,0,1,1,1,0,1,0
-1.9999999999999996,4.0,0,1,0,0,1,0,0,0
-18.0,-5.000000000000001,1,1,0,0,0,0,1,1
9.0,7.0,0,0,0,0,1,0,0,0
17.0,4.0,0,0,1,0,1,0,0,0
-14.000000000000002,-12.099999999999998,0,1,1,1,0,0,1,0
7.0,10.0,1,1,0,0,0,1,1,1
-11.0,-1.1000000000000005,0,1,1,0,0,0,0,1
6.0,-2.3999999999999995,0,0,0,0,1,0,0,0
11.0,11.100000000000001,1,1,1,1,0,1,1,1
-19.0,-2.1000000000000005,1,1,1,1,0,1,1,1
29.0,10.0,0,0,1,1,1,0,0,0
17.0,12.0,0,0,1,1,1,1,0,0
-1.9999999999999996,5.4,0,1,0,0,0,1,0,0
6.0,10.0,1,1,0,0,0,1,0,1
1.0,0.8999999999999999,1,0,0,0,1,0,0,0
-2.9999999999999996,3.0,0,1,1,1,1,0,0,0
15.0,11.0,0,0,0,0,0,0,0,0
-0.9999999999999996,-4.4,0,0,1,1,0,1,1,0
-8.0,2.7,1,1,1,1,0,1,1,1
-5.0,4.4,0,1,1,0,0,0,0,0
23.0,1.0,0,0,1,0,0,1,1,0
-8.0,-8.2,1,0,1,1,1,0,0,1
-13.000000000000002,-9.0,1,1,1,1,0,0,1,1
5.0,-4.1,0,0,1,1,1,1,0,0
28.0,7.2,1,0,0,0,1,0,0,1
-13.000000000000002,-8.2,0,1,0,0,0,0,0,0
-18.0,5.0,1,1,0,1,1,0,0,1
9.0,5.1,0,0,1,1,1,0,1,1
5.0,-2.2,0,0,0,0,1,1,0,0
-11.0,2.6,1,1,1,1,0,1,1,1
23.0,8.8,0,0,1,0,1,1,1,0
9.0,-2.0,0,0,0,0,1,0,0,0
8.0,7.0,0,0,0,0,1,1,1,0
-6.0,-8.899999999999999,0,0,0,0,1,0,1,1
-5.0,-13.0,0,0,0,1,1,1,0,1
-7.0,-3.0,0,1,0,1,0,0,0,0
-7.0,3.0,1,1,1,1,0,1,0,1
11.0,3.1,0,0,0,0,1,0,1,1
8.0,-2.0,0,0,0,1,1,1,0,0
-8.0,-7.3999999999999995,1,1,0,0,0,0,0,1
8.0,4.1,1,0,0,0,0,1,1,1
7.0,6.5,0,0,1,1,1,0,0,0
-3.9999999999999996,5.9,0,1,0,0,0,0,0,1
9.0,5.0,0,0,1,1,1,0,1,0
-7.0,-7.000000000000001,0,0,1,1,1,1,1,1
-9.0,3.8,0,1,1,1,0,0,0,0
3.0,7.8,0,1,1,0,0,0,0,0
-2.9999999999999996,4.0,0,1,0,1,0,1,0,1
-17.0,-3.3000000000000007,1,1,0,0,1,0,0,1
5.0,8.1,0,1,0,0,0,1,0,0
3.0,-2.0,0,0,0,0,1,1,1,0
3.0,7.1,1,1,1,1,1,0,0,0
8.0,-1.1000000000000005,1,0,1,1,1,1,1,1
1.0,1.0,1,1,1,0,0,0,0,1
-16.0,-7.000000000000001,1,1,0,0,0,0,1,1
14.0,9.0,0,0,1,1,1,0,0,0
2.0,12.0,1,1,0,0,0,1,1,1
22.0,6.0,0,0,1,1,1,0,0,0
3.0,2.1,0,0,0,0,1,1,0,1
-5.0,-1.8999999999999995,1,1,1,1,1,0,1,0
22.0,9.0,0,0,1,1,1,0,0,0
16.0,12.0,0,0,1,1,0,1,1,0
-10.0,-5.000000000000001,0,1,0,1,0,0,0,0
-14.000000000000002,-1.5,1,1,1,0,0,1,1,1
11.0,-6.000000000000001,0,0,1,1,1,1,0,0
13.0,14.900000000000002,1,1,1,0,0,0,0,1
-5.0,2.0,1,1,1,1,1,0,0,1
4.0,4.0,1,1,1,1,0,1,1,1
24.0,9.3,0,0,1,1,1,0,0,0
1.0,6.1,1,1,0,0,0,0,1,0
-20.0,-1.0,1,1,0,0,0,1,1,1
-1.9999999999999996,-4.4,1,0,1,1,1,1,1,0
-5.0,3.0,1,1,1,1,0,1,0,1
-11.0,-5.8,0,1,0,0,0,0,0,0
-13.000000000000002,-5.599999999999999,1,1,0,0,0,0,1,0
9.0,3.0,0,0,0,0,1,0,0,0
-14.000000000000002,7.0,1,1,1,1,1,1,1,1
28.0,10.9,1,0,1,1,1,1,0,0
-8.0,-2.1000000000000005,1,1,1,1,0,0,0,1
3.0,10.8,0,1,0,1,1,0,0,1
9.0,0.0,1,0,1,1,1,0,1,1
9.0,7.2,1,0,1,0,0,1,1,1
-19.0,-3.0,0,1,0,1,0,0,0,0
17.0,1.2,1,0,1,1,1,1,1,1
25.0,9.0,0,0,0,1,1,1,1,0
6.0,2.1,0,0,1,1,1,1,1,0
8.0,9.2,1,1,0,0,0,0,0,1
3.0,-3.0,1,0,0,0,0,1,1,1
-17.0,-10.0,1,1,1,1,0,0,1,1
14.0,-1.1000000000000005,1,0,1,1,1,0,1,0
16.0,7.8,0,0,0,0,1,0,1,0
27.0,4.0,0,0,0,0,0,0,1,0
8.0,11.0,1,1,0,0,0,1,0,1
33.99999999999999,9.0,0,0,0,0,1,1,1,0
10.0,3.8,1,0,0,0,0,0,1,1
7.0,12.8,1,1,1,1,0,1,0,1
-1.9999999999999996,4.1,0,1,0,0,0,0,0,0
-17.0,-1.0,0,1,1,1,0,0,0,0
6.0,-3.1000000000000005,1,0,0,0,1,1,1,0
26.0,11.0,0,0,1,1,0,1,1,0
14.0,-2.1000000000000005,1,0,0,0,1,1,1,1
-23.0,-5.099999999999999,0,1,0,0,0,0,0,0
-23.0,-10.099999999999998,0,1,1,0,1,0,0,1
-26.0,-10.0,1,1,0,0,0,0,0,0
-7.0,2.1,1,1,0,0,1,0,0,1
16.0,6.0,0,0,1,1,1,0,0,0
16.0,11.0,0,0,1,1,0,1,1,0
-18.0,-7.099999999999999,1,1,1,1,0,1,1,1
5.0,13.0,1,1,0,0,0,0,1,1
-6.0,-7.3,0,0,0,0,1,1,0,0
-14.000000000000002,-9.0,1,1,0,1,0,0,1,1
36.0,10.0,0,0,1,1,1,0,0,0
-22.0,-7.599999999999999,1,1,1,0,0,0,1,1
-13.000000000000002,-0.19999999999999973,1,1,0,1,0,1,1,0
-5.0,3.0,1,1,1,1,0,1,1,1
9.0,-2.0,0,0,1,1,1,1,0,0
4.0,5.0,1,1,1,1,0,1,1,1
-11.999999999999998,-5.8,1,1,0,0,0,0,0,1
31.0,8.2,0,0,0,0,1,0,0,0
-2.9999999999999996,6.0,1,1,0,1,0,0,0,1
4.0,-6.8,0,0,1,1,1,1,0,1
11.0,6.0,0,0,1,1,0,1,1,0
-0.9999999999999996,-4.0,0,0,0,0,0,0,1,1
9.0,-10.0,0,0,1,0,1,0,0,0
28.0,13.7,0,0,1,1,1,0,1,0
5.0,11.0,0,1,0,0,0,0,0,1
-8.0,-10.0,0,0,1,0,1,1,0,0
7.0,8.0,1,1,0,1,0,1,0,1
5.0,4.0,0,0,0,0,0,1,1,0
8.0,5.7,1,0,1,1,1,0,1,1
-0.9999999999999996,2.0,1,1,1,1,1,1,1,1
-7.0,-4.0,1,1,1,1,0,1,0,0
-11.999999999999998,-5.2,1,1,0,0,0,0,1,1
-9.0,-6.500000000000001,1,1,0,0,0,0,0,1
7.0,10.0,1,1,1,1,0,1,0,1
-5.0,8.2,0,1,0,0,1,0,0,0
8.0,5.9,1,0,0,0,1,0,1,0
4.0,8.0,1,1,1,1,1,0,0,1
-0.9999999999999996,2.1,1,1,0,1,0,1,0,0
7.0,4.0,0,0,0,0,0,0,1,0
7.0,-7.000000000000001,0,0,0,0,1,1,1,0
16.0,4.0,0,0,0,0,1,0,1,0
5.0,10.0,1,1,0,0,0,0,0,1
-6.0,-8.0,1,0,1,1,1,1,1,1
-15.000000000000002,-5.000000000000001,1,1,0,0,0,0,0,1
-5.0,-6.7,0,0,1,1,1,1,1,1
8.0,4.0,0,0,1,1,1,1,1,0
6.0,15.0,1,1,1,0,1,0,0,1
23.0,-6.000000000000001,0,0,1,1,1,1,0,0
13.0,9.0,0,0,1,1,1,1,1,0
-7.0,6.0,0,1,0,0,1,0,0,0
-13.000000000000002,1.0,1,1,0,1,1,0,0,1
-9.0,-7.000000000000001,1,1,0,0,1,0,0,0
19.0,3.2,1,0,1,0,1,0,1,1
10.0,5.0,0,0,0,0,0,1,0,0
14.0,8.0,0,0,1,1,1,0,1,0
8.0,1.3,0,0,0,0,1,0,0,0
7.0,3.0,0,0,0,0,0,1,0,0
-16.0,-3.8,1,1,1,1,0,0,1,1
18.0,5.0,0,0,0,0,1,0,0,0
3.0,8.0,1,1,0,0,0,1,1,1
14.0,8.2,0,0,0,0,1,0,0,0
10.0,6.1,0,0,0,1,1,0,0,1
-3.9999999999999996,-4.0,1,0,0,0,1,1,1,1
-7.0,-8.8,0,0,1,1,1,1,0,0
-5.0,13.8,1,1,0,0,0,1,0,1
1.0,-4.8,0,0,0,0,0,1,1,1
-27.000000000000004,-7.8999999999999995,1,1,1,0,0,0,1,1
14.0,3.1,0,0,0,0,0,0,0,0
8.0,5.0,0,0,0,0,1,1,1,0
-33.0,-9.0,1,1,1,1,0,0,1,1
3.0,-1.2999999999999998,0,0,1,1,1,0,1,0
-6.0,-1.0,1,1,0,1,1,1,1,1
21.0,9.0,0,0,0,0,1,0,1,0
4.0,1.0,0,0,1,1,1,1,0,1
-7.0,5.2,1,1,0,1,0,1,0,0
14.0,12.100000000000001,0,0,1,1,1,0,0,0
3.0,2.2,1,0,1,0,0,1,1,1
4.0,10.1,0,1,0,0,0,1,0,0
-7.0,-8.0,0,0,1,1,1,1,0,0
-20.0,-8.0,1,1,0,0,0,0,1,1
60.99999999999999,7.6,0,0,1,0,0,0,0,0
15.0,3.4,0,0,1,1,1,0,0,0
12.0,11.0,0,0,0,0,1,1,1,0
-8.0,1.0,1,1,0,0,0,0,0,1
4.0,11.0,1,1,0,0,1,0,0,1
5.0,3.4,1,0,0,1,1,0,1,1
25.0,15.0,0,0,0,0,1,0,1,0
-3.9999999999999996,-6.000000000000001,0,0,1,1,1,1,0,0
-13.000000000000002,-4.0,1,1,0,0,0,0,0,1
4.0,3.0,0,0,0,0,1,0,1,0
-5.0,7.5,0,1,0,0,0,0,0,0
6.0,6.0,0,1,0,1,0,1,0,1
22.0,13.0,0,0,0,0,0,0,1,0
-3.9999999999999996,-2.0,1,1,0,1,0,1,0,1
-7.0,-6.000000000000001,1,1,0,0,0,1,0,1
6.0,7.0,1,1,0,1,0,1,1,1
23.0,8.0,1,0,1,1,0,1,1,1
12.0,8.0,0,0,1,1,1,1,1,0
-19.0,-8.899999999999999,0,1,0,0,0,1,0,0
-7.0,-6.3999999999999995,0,1,0,0,0,0,0,0
-11.0,-6.099999999999999,0,1,0,0,0,0,0,1
6.0,3.0,0,0,0,0,1,0,1,0
19.0,13.0,1,0,1,0,1,1,1,1
-3.9999999999999996,10.0,1,1,1,0,0,0,0,1
-2.9999999999999996,4.0,0,1,1,1,1,0,0,0
3.0,-1.5,1,0,1,1,0,1,1,1
-11.0,8.0,0,1,0,1,0,1,0,1
9.0,11.0,1,1,1,1,1,1,1,1
19.0,4.2,0,0,0,0,0,1,1,0
-8.0,13.0,1,1,0,0,1,1,1,1
-8.0,-10.0,0,0,0,0,0,1,0,0
6.0,4.2,0,0,0,1,0,1,0,0
7.0,3.0,0,0,0,0,0,1,1,0
19.0,-1.6000000000000005,0,0,0,0,1,0,0,0
-11.0,-8.0,1,1,1,1,1,1,1,0
-6.0,2.3,1,1,1,1,0,1,1,1
10.0,-2.0,0,0,0,0,1,0,0,0
-3.9999999999999996,-1.2999999999999998,0,1,1,1,1,0,1,0
32.0,13.100000000000001,1,0,0,0,0,1,1,1
4.0,7.9,0,1,1,1,0,0,0,1
17.0,12.900000000000002,0,0,0,1,0,0,1,0
12.0,11.8,0,0,1,1,0,0,0,0
-11.999999999999998,-11.0,1,1,1,1,0,0,1,1
-13.000000000000002,1.5,0,1,0,1,0,1,1,1
5.0,-5.099999999999999,0,0,1,1,1,0,1,0
-2.9999999999999996,10.0,1,1,0,0,0,0,0,1
-7.0,-2.2,1,1,1,1,1,1,1,1
10.0,8.0,0,0,1,1,1,0,0,0
4.0,1.0,0,0,1,1,0,1,1,0
-2.9999999999999996,-8.0,0,0,1,0,1,1,0,0
11.0,-2.0,0,0,1,1,0,0,1,0
11.0,13.0,1,1,0,0,1,1,0,1
-9.0,4.0,1,1,0,0,0,0,0,1
5.0,4.4,0,0,1,1,0,1,1,0
9.0,5.0,0,0,0,0,1,0,1,0
-8.0,6.0,1,1,0,0,0,1,1,1
-10.0,-7.3,1,1,0,0,0,0,1,1
1.0,17.0,0,1,1,1,1,1,0,1
-1.9999999999999996,-1.0,1,1,0,0,0,0,0,1
-0.9999999999999996,-5.099999999999999,0,0,1,1,1,1,0,0
-0.9999999999999996,3.4,0,1,1,1,0,1,0,0
10.0,14.5,1,1,1,1,1,1,0,1
11.0,-4.0,1,0,0,0,0,1,1,1
14.0,6.2,0,0,1,0,1,0,1,1
-16.0,-9.0,1,1,1,1,0,0,0,1
-0.9999999999999996,8.0,1,1,1,1,1,0,0,1
-6.0,-4.1,1,1,1,1,0,0,0,1
11.0,10.0,0,0,0,0,1,1,1,0
-7.0,3.0,1,1,1,1,0,1,0,1
-5.0,-0.5999999999999996,0,1,0,1,0,0,0,0
15.0,14.900000000000002,1,0,0,0,0,0,1,0
-0.9999999999999996,7.0,1,1,0,1,1,0,0,1
17.0,0.5,1,0,1,1,1,1,1,1
10.0,14.8,1,1,1,1,0,1,0,1
3.0,5.9,0,1,0,1,1,1,0,1
-24.0,-2.7,1,1,0,1,1,1,0,0
19.0,-7.099999999999999,0,0,1,0,1,1,1,0
6.0,1.2,0,0,0,0,0,1,1,0
-17.0,-2.1000000000000005,1,1,0,0,0,0,0,1
-11.999999999999998,-0.7999999999999998,1,1,0,1,0,0,0,0
3.0,-2.0,0,0,0,1,0,0,0,0
6.0,-7.2,0,0,1,1,0,0,0,0
3.0,12.400000000000002,1,1,0,1,1,1,1,1
3.0,3.8,1,1,1,1,0,1,0,1
16.0,7.8,1,0,0,1,1,1,1,0
-24.0,1.0,1,1,1,1,1,1,1,1
3.0,-2.0,0,0,0,0,0,0,0,1
4.0,4.0,0,1,0,1,0,1,0,1
6.0,-4.8,0,0,1,1,1,0,0,0
-3.9999999999999996,4.0,1,1,1,1,0,1,0,1
6.0,1.0,0,0,1,1,1,0,1,0
26.0,8.0,0,0,0,0,0,1,1,0
7.0,11.0,1,1,0,1,1,0,0,1
-7.0,-2.0,1,1,1,1,0,1,1,1
-28.999999999999996,-7.000000000000001,1,1,1,1,0,0,1,1
28.0,13.0,0,0,0,0,0,1,0,0
18.0,7.0,0,0,1,1,1,1,1,0
5.0,1.0,0,0,0,0,0,0,0,0
10.0,-6.000000000000001,0,0,0,0,1,0,0,0
4.0,4.0,1,1,1,1,0,1,0,1
22.0,7.3,0,0,0,1,1,0,1,0
20.0,-3.0,0,0,0,0,1,0,1,0
4.0,5.5,1,1,0,0,0,0,0,1
2.0,10.9,0,1,0,0,0,0,0,1
-8.0,9.2,1,1,1,1,1,0,0,1
7.0,6.699999999999999,0,0,1,1,1,0,0,0
-0.9999999999999996,-4.0,0,0,0,0,0,0,0,0
-19.0,-11.899999999999999,1,1,1,1,1,0,0,1
-6.0,10.1,1,1,0,0,0,0,0,1
-17.0,-5.000000000000001,1,1,0,0,0,1,1,1
2.0,3.0,1,1,1,1,0,0,0,1
24.0,-7.3,0,0,1,0,1,1,0,0
-37.0,-7.000000000000001,1,1,1,0,0,1,1,1
19.0,7.0,0,0,1,1,1,1,1,0
7.0,6.300000000000001,0,0,1,1,1,1,1,0
-6.0,6.0,1,1,0,0,0,0,0,1
-27.999999999999996,-5.000000000000001,1,1,0,0,0,0,0,1
-13.000000000000002,-6.3,1,1,0,0,1,0,0,1
11.0,5.0,0,0,0,0,1,1,1,0
-6.0,4.1,0,1,0,1,0,0,0,0
-19.0,-3.6000000000000005,1,1,0,0,1,0,0,0
13.0,-5.599999999999999,0,0,1,1,1,0,1,0
-6.0,9.0,1,1,1,1,0,0,0,1
-17.0,-12.2,1,1,1,1,1,0,0,1
-15.000000000000002,-9.099999999999998,0,1,0,0,0,0,1,0
11.0,10.7,1,0,1,0,1,0,0,0
-6.0,-0.8999999999999999,1,1,0,0,0,0,0,1
12.0,12.7,1,1,0,0,1,1,0,1
-10.0,-6.000000000000001,1,1,0,0,0,1,1,1
-13.000000000000002,-8.399999999999999,1,1,0,0,0,1,0,1
13.0,14.0,1,1,0,0,1,1,0,1
6.0,4.2,0,0,0,0,0,1,1,0
16.0,9.7,0,0,0,0,0,0,0,0
-14.000000000000002,-12.0,1,1,1,1,0,0,1,1
9.0,6.8,0,0,0,0,0,0,0,0
-22.0,-4.1,1,1,1,1,1,1,0,1
19.0,16.3,0,0,0,1,0,0,0,0
-26.0,1.6,1,1,1,1,0,1,1,1
40.0,8.0,0,0,1,1,1,1,1,0
-27.000000000000004,2.2,1,1,1,1,1,1,1,1
-8.0,-10.0,0,0,0,0,1,1,0,0
12.0,7.0,0,0,0,0,1,1,1,0
-6.0,-8.099999999999998,0,0,1,1,1,1,1,0
13.0,-4.0,0,0,0,0,1,1,1,0
7.0,2.1,0,0,0,0,1,0,1,0
13.0,2.0,0,0,0,0,0,1,1,0
24.0,3.3,0,0,0,0,0,0,1,1
35.0,6.0,0,0,1,1,1,1,1,0
9.0,-5.8,0,0,1,0,0,0,0,0
9.0,2.0,0,0,0,0,1,0,1,0
-31.999999999999996,-5.000000000000001,1,1,0,0,0,1,1,1
6.0,3.7,0,0,1,1,1,1,1,0
14.0,16.2,1,1,0,0,0,1,0,1
-11.999999999999998,8.1,1,1,1,1,1,1,0,1
-15.000000000000002,2.1,1,1,1,1,1,0,0,1
21.0,7.8,1,0,0,0,0,1,0,0
27.0,5.1,0,0,1,1,1,1,0,1
-1.9999999999999996,5.0,1,1,1,1,1,1,1,0
8.0,7.1,0,0,0,0,0,1,0,1
-18.0,7.0,1,1,1,1,1,0,1,1
6.0,3.6,1,0,0,1,0,1,0,1
8.0,4.1,1,0,1,1,0,0,0,1
3.0,11.100000000000001,0,1,1,1,1,1,0,0
-10.0,6.2,1,1,0,0,1,1,1,0
15.0,8.7,0,0,0,0,0,0,0,1
14.0,0.5,1,0,1,1,1,0,0,1
11.0,7.0,0,0,0,0,1,1,0,1
-9.0,6.0,0,1,0,0,0,1,1,1
20.0,10.0,0,0,0,0,0,0,0,1
-7.0,3.1,0,1,0,1,0,1,1,0
3.0,8.0,1,1,0,0,0,0,0,1
-13.000000000000002,-3.1000000000000005,0,1,0,0,0,0,0,0
17.0,3.4,1,0,1,0,0,1,0,1
-20.0,-2.2,0,1,0,0,0,1,1,0
2.0,1.4,1,0,1,0,1,1,0,1
24.0,4.9,1,0,0,1,0,1,1,1
19.0,0.8999999999999999,1,0,0,0,0,1,1,1
13.0,5.0,1,0,1,1,0,1,1,1
8.0,6.2,1,0,1,1,1,1,1,1
16.0,-5.8,1,0,0,0,1,1,1,1
-3.9999999999999996,-3.5,0,1,1,0,0,1,0,0
2.0,5.9,0,1,1,1,1,0,0,0
-3.9999999999999996,-1.7999999999999998,0,1,0,0,0,1,0,0
13.0,-5.3999999999999995,1,0,0,0,1,1,1,1
8.0,-1.1000000000000005,1,0,1,1,0,1,1,1
-19.0,-5.8999999999999995,1,1,0,1,1,0,1,0
17.0,4.8,1,0,1,1,1,1,0,0
8.0,11.0,1,1,1,1,1,0,1,1
5.0,4.0,0,0,0,0,0,1,0,0
13.0,10.0,0,0,1,0,0,1,0,0
18.0,12.0,0,0,0,0,0,0,0,0
8.0,2.2,1,0,0,0,1,1,0,1
10.0,7.0,0,0,0,0,1,1,0,0
3.0,6.0,1,1,0,0,0,0,1,1
11.0,4.1,1,0,0,0,0,0,0,1
33.99999999999999,1.5,1,0,0,0,0,1,1,1
5.0,6.6,0,1,0,0,1,0,0,0
-10.0,-2.0,0,1,1,1,1,0,0,0
22.0,7.0,0,0,0,0,0,1,0,0
16.0,4.7,1,0,1,1,0,1,1,1
4.0,5.0,1,1,0,0,0,0,0,1
14.0,11.0,0,0,1,1,1,0,0,0
16.0,-4.6,0,0,1,1,1,0,0,1
5.0,11.0,1,1,1,1,0,0,0,1
-0.9999999999999996,7.0,1,1,1,1,1,1,1,1
-8.0,10.1,1,1,0,0,0,1,1,0
-18.0,6.9,0,1,1,0,0,0,0,1
5.0,-3.3000000000000007,0,0,0,0,0,0,0,1
-21.0,-4.1,0,1,0,0,0,0,0,0
19.0,-4.3,1,0,1,1,1,1,1,1
2.0,4.0,1,1,1,1,1,0,0,0
-2.9999999999999996,9.0,1,1,1,0,1,0,0,1
-13.000000000000002,-6.000000000000001,0,1,0,0,0,0,0,0
-26.0,-5.8999999999999995,0,1,0,0,0,1,0,0
35.0,5.0,0,0,0,0,0,0,0,0
11.0,6.9,1,0,1,1,1,1,1,0
9.0,12.0,1,1,0,1,0,0,0,1
10.0,11.600000000000001,0,1,1,1,1,1,1,0
2.0,1.1,0,0,1,1,1,0,0,1
25.0,-0.5999999999999996,1,0,1,1,0,1,0,1
-13.000000000000002,1.9,1,1,1,1,1,1,1,1
13.0,0.2999999999999998,1,0,1,0,0,0,0,1
22.0,1.8,1,0,0,0,0,1,1,0
29.999999999999996,6.1,1,0,1,1,1,1,1,0
41.0,7.1,1,0,0,1,1,1,1,1
9.0,7.0,0,0,0,0,1,1,0,0
-2.9999999999999996,7.6,1,1,1,1,0,0,1,1
13.0,1.0,0,0,0,0,1,1,0,0
4.0,-0.7999999999999998,1,0,1,1,1,1,0,1
10.0,6.4,1,0,0,0,1,1,1,0
29.0,12.100000000000001,1,0,1,1,0,1,1,1
-8.0,2.6,0,1,1,0,0,0,0,0
-9.0,-6.000000000000001,0,1,1,1,0,1,1,0
10.0,12.7,1,1,0,0,0,0,1,1
19.0,11.0,0,0,1,0,0,1,1,0
-8.0,-3.0,1,1,0,0,0,0,0,1
-23.0,-4.0,1,1,0,0,0,0,0,1
